,query,jieba_pos,jieba_segment,jieba_keywords,tfidf_keywords,textrank_keywords,Unnamed: 0,text_rank_keywords
0,宝宝六个月加什么辅食？,宝宝/nr 六个月/m 加/v 辅食/x,宝宝 六个月 加 辅食,辅食 六个月 宝宝,宝宝 六个月 辅食,六个月 宝宝 辅食,0,加 六个月 辅食 宝宝
1,二三十九九点胎动有时候比较平凡。,二三十/m 九九/m 点/m 胎动/n 有时候/l 平凡/a,二三十 九九 点 胎动 有时候 平凡,胎动 九九 二三十 平凡 有时候,胎动 有时候 二三十 九九 平凡,胎动 九九 有时候 平凡,1,胎动 点 有时候 九九 平凡 二三十
2,耻骨疼。,耻骨/n 疼/v,耻骨 疼,耻骨,耻骨,,2,疼 耻骨
3,宝宝发烧要怎么退烧？,宝宝/nr 发烧/v 退烧/v,宝宝 发烧 退烧,退烧 发烧 宝宝,宝宝 发烧 退烧,退烧 宝宝 发烧,3,发烧 退烧 宝宝
4,孕妇能不能吃红薯？,孕妇/n 吃/v 红薯/n,孕妇 吃 红薯,红薯 孕妇,孕妇 红薯,红薯 孕妇,4,吃 红薯 孕妇
5,宝宝能不能吃红薯？,宝宝/nr 吃/v 红薯/n,宝宝 吃 红薯,红薯 宝宝,宝宝 红薯,红薯 宝宝,5,吃 红薯 宝宝
6,宝宝发育指标。,宝宝/nr 发育/vn 指标/n,宝宝 发育 指标,宝宝 发育 指标,宝宝 发育 指标,指标 宝宝 发育,6,发育 指标 宝宝
7,我想问你呢，看B超可以看到男孩还是女孩吗？,想/v 问/n B超/n 男孩/n 女孩/n,想 问 B超 男孩 女孩,B超 男孩 女孩,男孩 女孩,男孩 女孩 B超,7,B超 男孩 问 女孩 想
8,怀孕体温什么时候会升高？,怀孕/v 体温/n 升高/v,怀孕 体温 升高,体温 怀孕 升高,怀孕 升高 体温,怀孕 升高 体温,8,体温 升高 怀孕
9,排卵几天可以测到怀孕排卵几天后可以测到怀孕？,排卵/v 几天/m 测/vn 怀孕/v 排卵/v 几天/m 测/vn 怀孕/v,排卵 几天 测 怀孕 排卵 几天 测 怀孕,排卵 怀孕 几天,怀孕 几天 排卵,几天 怀孕 排卵,9,测 几天 怀孕 排卵
10,孕妇可以吃也稀饭吗？,孕妇/n 吃/v 稀饭/n,孕妇 吃 稀饭,稀饭 孕妇,孕妇 稀饭,稀饭 孕妇,10,吃 稀饭 孕妇
11,孕妇可以吃野鸡包吗？,孕妇/n 吃/v 野鸡/n 包/v,孕妇 吃 野鸡 包,野鸡 孕妇,孕妇 野鸡,野鸡 孕妇,11,野鸡 吃 包 孕妇
12,我想问一下，可以看出男孩还是女孩吗？,想/v 问/n 男孩/n 女孩/n,想 问 男孩 女孩,男孩 女孩,男孩 女孩,男孩 女孩,12,男孩 问 女孩 想
13,排卵后几天可以测到怀孕？,排卵/v 几天/m 测/vn 怀孕/v,排卵 几天 测 怀孕,排卵 怀孕 几天,怀孕 几天 排卵,几天 排卵 怀孕,13,测 几天 怀孕 排卵
14,孕妇可以吃流沙包吗？,孕妇/n 吃/v 流沙包/x,孕妇 吃 流沙包,流沙包 孕妇,孕妇 流沙包,流沙包 孕妇,14,吃 流沙包 孕妇
15,孕妇可以吃客淘宝吗？,孕妇/n 吃客/v 淘宝/nz,孕妇 吃客 淘宝,吃客 淘宝 孕妇,孕妇 淘宝 吃客,淘宝 孕妇 吃客,15,吃客 淘宝 孕妇
16,怀孕体温什么时候会升高？,怀孕/v 体温/n 升高/v,怀孕 体温 升高,体温 怀孕 升高,怀孕 升高 体温,怀孕 升高 体温,16,体温 升高 怀孕
17,排卵后几天可以测到怀孕？,排卵/v 几天/m 测/vn 怀孕/v,排卵 几天 测 怀孕,排卵 怀孕 几天,怀孕 几天 排卵,几天 排卵 怀孕,17,测 几天 怀孕 排卵
18,排卵几天可以测到怀孕排卵几天后可以测到怀孕？,排卵/v 几天/m 测/vn 怀孕/v 排卵/v 几天/m 测/vn 怀孕/v,排卵 几天 测 怀孕 排卵 几天 测 怀孕,排卵 怀孕 几天,怀孕 几天 排卵,几天 怀孕 排卵,18,测 几天 怀孕 排卵
19,孕妇可以吃也稀饭吗？,孕妇/n 吃/v 稀饭/n,孕妇 吃 稀饭,稀饭 孕妇,孕妇 稀饭,稀饭 孕妇,19,吃 稀饭 孕妇
20,孕妇可以吃野鸡包吗？,孕妇/n 吃/v 野鸡/n 包/v,孕妇 吃 野鸡 包,野鸡 孕妇,孕妇 野鸡,野鸡 孕妇,20,野鸡 吃 包 孕妇
21,孕妇可以吃猪肉包吗？,孕妇/n 吃/v 猪肉/n 包/v,孕妇 吃 猪肉 包,猪肉 孕妇,孕妇 猪肉,猪肉 孕妇,21,猪肉 吃 包 孕妇
22,孕妇可以吃流沙包吗？,孕妇/n 吃/v 流沙包/x,孕妇 吃 流沙包,流沙包 孕妇,孕妇 流沙包,流沙包 孕妇,22,吃 流沙包 孕妇
23,孕妇可以吃流沙包吗？,孕妇/n 吃/v 流沙包/x,孕妇 吃 流沙包,流沙包 孕妇,孕妇 流沙包,流沙包 孕妇,23,吃 流沙包 孕妇
24,孕妇可以吃客淘宝吗？,孕妇/n 吃客/v 淘宝/nz,孕妇 吃客 淘宝,吃客 淘宝 孕妇,孕妇 淘宝 吃客,淘宝 孕妇 吃客,24,吃客 淘宝 孕妇
25,孕妇可以即刻淘宝吗？,孕妇/n 即刻/d 淘宝/nz,孕妇 即刻 淘宝,淘宝 即刻 孕妇,孕妇 淘宝 即刻,淘宝 孕妇 即刻,25,即刻 淘宝 孕妇
26,宝宝牙痒痒，喜欢咬东西。,宝宝/nr 牙痒痒/l 喜欢/v 咬/v 东西/ns,宝宝 牙痒痒 喜欢 咬 东西,牙痒痒 宝宝 喜欢 东西,宝宝 东西 喜欢 牙痒痒,喜欢 牙痒痒 宝宝 东西,26,喜欢 咬 牙痒痒 东西 宝宝
27,月子餐多吃什么？,月子餐/x 吃/v,月子餐 吃,月子餐,月子餐,,27,吃 月子餐
28,宝宝长牙啦。,宝宝/nr 长牙/ns,宝宝 长牙,长牙 宝宝,宝宝 长牙,长牙 宝宝,28,长牙 宝宝
29,宝宝的臭臭有点绿有点快要成型了。,宝宝/nr 臭臭/n 绿/a 快要/d 成型/n,宝宝 臭臭 绿 快要 成型,臭臭 成型 快要 宝宝,宝宝 臭臭 成型 快要,臭臭 快要 成型 宝宝,29,绿 快要 臭臭 成型 宝宝
30,生产前喝红牛有助于顺产吗？,生产/vn 喝/vg 红牛/nz 有助于/v 顺产/n,生产 喝 红牛 有助于 顺产,顺产 红牛 有助于 生产,顺产 有助于 红牛 生产,红牛 顺产 有助于 生产,30,红牛 有助于 喝 顺产 生产
31,宝宝长牙了，牙很痒。,宝宝/nr 长牙/ns 牙/n 痒/a,宝宝 长牙 牙 痒,长牙 宝宝,宝宝 长牙,长牙 宝宝,31,牙 长牙 痒 宝宝
32,宝宝经常干呕。,宝宝/nr 干呕/v,宝宝 干呕,干呕 宝宝,宝宝 干呕,干呕 宝宝,32,干呕 宝宝
33,你妈妈可以吃杂锅菜吗？,妈妈/n 吃/v 杂锅/n 菜/n,妈妈 吃 杂锅 菜,杂锅 妈妈,妈妈 杂锅,杂锅 妈妈,33,杂锅 吃 菜 妈妈
34,宝宝总是打嗝怎么办？,宝宝/nr 打嗝/v,宝宝 打嗝,打嗝 宝宝,宝宝 打嗝,打嗝 宝宝,34,打嗝 宝宝
35,怀孕期间可以吃石子吗？,怀孕/v 期间/f 吃/v 石子/n,怀孕 期间 吃 石子,石子 怀孕 期间,怀孕 期间 石子,期间 石子 怀孕,35,吃 期间 石子 怀孕
36,嗯，怀孕期间可以吃柿子柿子吗？,怀孕/v 期间/f 吃/v 柿子/n 柿子/n,怀孕 期间 吃 柿子 柿子,柿子 怀孕 期间,怀孕 期间 柿子,柿子 期间 怀孕,36,柿子 吃 期间 怀孕
37,孕38周，B超看不清手脚是有畸形吗？,孕/n 38/m 周/nr B超/n 看不清/v 手脚/n 畸形/n,孕 38 周 B超 看不清 手脚 畸形,38 B超 看不清 畸形 手脚,看不清 38 手脚 畸形,B超 看不清 手脚 畸形,37,B超 看不清 周 手脚 38 畸形 孕
38,孕38周B超看不清手脚。,孕/n 38/m 周/nr B超/n 看不清/v 手脚/n,孕 38 周 B超 看不清 手脚,38 B超 看不清 手脚,看不清 38 手脚,B超 看不清 手脚 38,38,B超 周 看不清 38 手脚 孕
39,孕30八周，B超看不清手脚。,孕/n 30/m 八周/t B超/n 看不清/v 手脚/n,孕 30 八周 B超 看不清 手脚,30 B超 八周 看不清 手脚,看不清 手脚 30 八周,B超 看不清 八周 手脚,39,B超 八周 看不清 30 手脚 孕
40,从怀孕就在玩手机，对胎儿有影响吗？,怀孕/v 玩/v 手机/n 胎儿/n 影响/vn,怀孕 玩 手机 胎儿 影响,胎儿 怀孕 手机 影响,怀孕 胎儿 手机 影响,手机 胎儿 影响 怀孕,40,手机 胎儿 玩 影响 怀孕
41,怀孕期间可以吃石子吗？,怀孕/v 期间/f 吃/v 石子/n,怀孕 期间 吃 石子,石子 怀孕 期间,怀孕 期间 石子,期间 石子 怀孕,41,吃 期间 石子 怀孕
42,嗯，怀孕期间可以吃柿子柿子吗？,怀孕/v 期间/f 吃/v 柿子/n 柿子/n,怀孕 期间 吃 柿子 柿子,柿子 怀孕 期间,怀孕 期间 柿子,柿子 期间 怀孕,42,柿子 吃 期间 怀孕
43,孕38周，B超看不清手脚是有畸形吗？,孕/n 38/m 周/nr B超/n 看不清/v 手脚/n 畸形/n,孕 38 周 B超 看不清 手脚 畸形,38 B超 看不清 畸形 手脚,看不清 38 手脚 畸形,B超 看不清 手脚 畸形,43,B超 看不清 周 手脚 38 畸形 孕
44,孕38周看不B超，看不清手怎么回事？,孕/n 38/m 周/nr 看/v B超/n 看不清/v 手/n 怎么回事/l,孕 38 周看 B超 看不清 手 怎么回事,38 周看 B超 看不清 怎么回事,怎么回事 看不清 38 周看,看不清 B超 怎么回事,44,B超 看不清 周看 手 38 怎么回事 孕
45,孕38周B超看不清手脚。,孕/n 38/m 周/nr B超/n 看不清/v 手脚/n,孕 38 周 B超 看不清 手脚,38 B超 看不清 手脚,看不清 38 手脚,B超 看不清 手脚 38,45,B超 周 看不清 38 手脚 孕
46,孕30八周，B超看不清手脚。,孕/n 30/m 八周/t B超/n 看不清/v 手脚/n,孕 30 八周 B超 看不清 手脚,30 B超 八周 看不清 手脚,看不清 手脚 30 八周,B超 看不清 八周 手脚,46,B超 八周 看不清 30 手脚 孕
47,孕38周，B超看不清手脚怎么回事？,孕/n 38/m 周/nr B超/n 看不清/v 手脚/n 怎么回事/l,孕 38 周 B超 看不清 手脚 怎么回事,38 B超 看不清 手脚 怎么回事,怎么回事 看不清 38 手脚,B超 看不清 手脚 怎么回事,47,B超 看不清 周 手脚 38 怎么回事 孕
48,怀孕能不能做爱？,怀孕/v 做爱/v,怀孕 做爱,做爱 怀孕,怀孕 做爱,怀孕 做爱,48,做爱 怀孕
49,宝宝发烧怎么办？长湿疹。,宝宝/nr 发烧/v 长/a 湿疹/n,宝宝 发烧 长 湿疹,湿疹 发烧 宝宝,宝宝 发烧 湿疹,发烧 宝宝 湿疹,49,长 发烧 湿疹 宝宝
50,宝宝发烧怎么办？长湿疹。,宝宝/nr 发烧/v 长/a 湿疹/n,宝宝 发烧 长 湿疹,湿疹 发烧 宝宝,宝宝 发烧 湿疹,发烧 宝宝 湿疹,50,长 发烧 湿疹 宝宝
51,吃什么奶大？,吃/v 奶/n 大/a,吃 奶大,奶大,奶大,,51,奶大 吃
52,吃什么奶的？,吃/v 奶/zg,吃 奶,,,,52,奶 吃
53,孕期肚子疼是怎么回事儿？,孕期/t 肚子疼/v 回事儿/n,孕期 肚子疼 回事儿,肚子疼 回事儿 孕期,孕期 回事儿 肚子疼,肚子疼 孕期 回事儿,53,肚子疼 回事儿 孕期
54,吃什么奶多？,吃/v 奶/n 多/m,吃 奶多,奶多,奶多,,54,奶多 吃
55,吃什么奶会回？,吃/v 奶会/n 回/v,吃 奶会 回,奶会,奶会,,55,奶会 回 吃
56,吃什么会回来？,吃/v 回来/v,吃 回来,回来,回来,,56,回来 吃
57,宝贝吃鱼肝油。,宝贝/nr 吃/v 鱼肝油/n,宝贝 吃 鱼肝油,鱼肝油 宝贝,宝贝 鱼肝油,鱼肝油 宝贝,57,吃 鱼肝油 宝贝
58,宝宝吃鱼肝油。,宝宝/nr 吃/v 鱼肝油/n,宝宝 吃 鱼肝油,鱼肝油 宝宝,宝宝 鱼肝油,鱼肝油 宝宝,58,吃 鱼肝油 宝宝
59,宝宝吃益生菌。,宝宝/nr 吃/v 益生菌/nr,宝宝 吃 益生菌,益生菌 宝宝,宝宝 益生菌,益生菌 宝宝,59,吃 益生菌 宝宝
60,宝宝吃维生素ad必须每天都吃吗？,宝宝/nr 吃/v 维生素ad/x 吃/v,宝宝 吃 维生素ad 吃,维生素ad 宝宝,宝宝 维生素ad,维生素ad 宝宝,60,吃 维生素ad 宝宝
61,宝宝吃维生素ad需要吃一段时间就停吗？还是必须每天都吃？,宝宝/nr 吃/v 维生素ad/x 吃/v 一段时间/l 吃/v,宝宝 吃 维生素ad 吃 一段时间 吃,维生素ad 宝宝 一段时间,宝宝 维生素ad 一段时间,维生素ad 宝宝 一段时间,61,吃 一段时间 维生素ad 宝宝
62,宝宝为什么老是哭不停？,宝宝/nr 老/a 是/v 哭/v 不停/d,宝宝 老是 哭 不停,老是 宝宝 不停,宝宝 老是 不停,,62,哭 老是 不停 宝宝
63,发烧了怎么办？,发烧/v,发烧,发烧,发烧,,63,发烧
64,怀孕七个月有妊娠糖尿病，体重没有增长，这样是不是正常？,怀孕/v 七个月/x 妊娠/v 糖尿病/n 体重/n 增长/v,怀孕 七个月 妊娠 糖尿病 体重 增长,七个月 妊娠 糖尿病 怀孕 体重 增长,怀孕 体重 糖尿病 七个月 增长 妊娠,糖尿病 妊娠 七个月 体重,64,糖尿病 妊娠 体重 七个月 增长 怀孕
65,现在有妊娠糖尿病，然后可以体重没有增长，这样子正常吗？,妊娠/v 糖尿病/n 体重/n 增长/v 样子/n,妊娠 糖尿病 体重 增长 样子,妊娠 糖尿病 体重 样子 增长,样子 糖尿病 体重 增长 妊娠,体重 糖尿病 增长 样子,65,体重 增长 糖尿病 样子 妊娠
66,我现在有妊娠糖尿病，然后血糖有点高，但是呢体重没有增长这样子说好吗？,妊娠/v 糖尿病/n 血糖/n 高/a 体重/n 增长/v 样子/n 说好/v,妊娠 糖尿病 血糖 高 体重 增长 样子 说好,血糖 妊娠 说好 糖尿病 体重 样子 增长,样子 糖尿病 体重 妊娠 增长 血糖 说好,血糖 样子 增长 体重,66,体重 高 增长 血糖 样子 糖尿病 说好 妊娠
67,怀孕30周，体重总共长了15斤，正常吗？,怀孕/v 30/m 周/nr 体重/n 总共/b 长/a 15/m 斤/m,怀孕 30 周 体重 总共 长 15 斤,30 15 总共 怀孕 体重,怀孕 30 总共 体重 15,总共 30 体重 怀孕,67,总共 体重 长 周 15 30 斤 怀孕
68,宝宝为什么老是哭不停？,宝宝/nr 老/a 是/v 哭/v 不停/d,宝宝 老是 哭 不停,老是 宝宝 不停,宝宝 老是 不停,,68,哭 老是 不停 宝宝
69,宝宝老是哭不停。,宝宝/nr 老/a 是/v 哭/v 不停/d,宝宝 老是 哭 不停,老是 宝宝 不停,宝宝 老是 不停,,69,哭 老是 不停 宝宝
70,发烧了怎么办？,发烧/v,发烧,发烧,发烧,,70,发烧
71,宝宝咳嗽怎么办？,宝宝/nr 咳嗽/v,宝宝 咳嗽,宝宝 咳嗽,宝宝 咳嗽,宝宝 咳嗽,71,咳嗽 宝宝
72,一岁的宝宝脸部不对称怎么办？,一岁/m 宝宝/nr 脸部/n 对称/v,一岁 宝宝 脸部 对称,一岁 脸部 宝宝 对称,宝宝 一岁 脸部 对称,脸部 宝宝 对称 一岁,72,脸部 宝宝 对称 一岁
73,宝宝打嗝应该怎么做？,宝宝/nr 打嗝/v,宝宝 打嗝,打嗝 宝宝,宝宝 打嗝,打嗝 宝宝,73,打嗝 宝宝
74,胎动频繁。,胎动/n 频繁/a,胎动 频繁,胎动 频繁,胎动 频繁,频繁 胎动,74,频繁 胎动
75,哪些蔬菜可以补血？,蔬菜/n 补血/v,蔬菜 补血,补血 蔬菜,补血 蔬菜,补血 蔬菜,75,补血 蔬菜
76,胎动平台。,胎动/n 平台/n,胎动 平台,胎动 平台,胎动 平台,胎动 平台,76,平台 胎动
77,胎动频繁。,胎动/n 频繁/a,胎动 频繁,胎动 频繁,胎动 频繁,频繁 胎动,77,频繁 胎动
78,运动会肚子疼。,运动会/n 肚子疼/v,运动会 肚子疼,肚子疼 运动会,肚子疼 运动会,运动会 肚子疼,78,肚子疼 运动会
79,哪些蔬菜和东西可以补血？,蔬菜/n 东西/ns 补血/v,蔬菜 东西 补血,补血 蔬菜 东西,东西 补血 蔬菜,补血 蔬菜 东西,79,东西 补血 蔬菜
80,为什么有时候感觉胎动很频繁？,有时候/l 感觉/n 胎动/n 频繁/a,有时候 感觉 胎动 频繁,胎动 有时候 频繁 感觉,胎动 感觉 频繁 有时候,胎动 感觉 频繁 有时候,80,胎动 感觉 频繁 有时候
81,什么可以补血？,补血/v,补血,补血,补血,,81,补血
82,为什么有时候感觉太重很频繁？,有时候/l 感觉/n 太重/n 频繁/a,有时候 感觉 太重 频繁,太重 有时候 频繁 感觉,感觉 频繁 有时候 太重,感觉 太重 有时候 频繁,82,太重 感觉 频繁 有时候
83,压迫到坐骨神经痛怎么办？,压迫/v 坐骨神经/i 痛/a,压迫 坐骨神经 痛,坐骨神经 压迫,坐骨神经 压迫,坐骨神经 压迫,83,坐骨神经 痛 压迫
84,胎动怎么数？,胎动/n 数/n,胎动 数,胎动,胎动,,84,数 胎动
85,什么蔬菜是补血的？,蔬菜/n 补血/v,蔬菜 补血,补血 蔬菜,补血 蔬菜,补血 蔬菜,85,补血 蔬菜
86,什么东西是补血的？,东西/ns 补血/v,东西 补血,补血 东西,东西 补血,补血 东西,86,补血 东西
87,吃什么东西可以补血？,吃/v 东西/ns 补血/v,吃 东西 补血,补血 东西,东西 补血,补血 东西,87,东西 补血 吃
88,胎动频繁。,胎动/n 频繁/a,胎动 频繁,胎动 频繁,胎动 频繁,频繁 胎动,88,频繁 胎动
89,胎动平台。,胎动/n 平台/n,胎动 平台,胎动 平台,胎动 平台,胎动 平台,89,平台 胎动
90,怎么数胎动？,数/n 胎动/n,数 胎动,胎动,胎动,,90,胎动 数
91,宝宝不喝水。,宝宝/nr 喝水/v,宝宝 喝水,喝水 宝宝,宝宝 喝水,宝宝 喝水,91,喝水 宝宝
92,宝宝不喝水。,宝宝/nr 喝水/v,宝宝 喝水,喝水 宝宝,宝宝 喝水,宝宝 喝水,92,喝水 宝宝
93,宝宝不喝水。,宝宝/nr 喝水/v,宝宝 喝水,喝水 宝宝,宝宝 喝水,宝宝 喝水,93,喝水 宝宝
94,我家宝宝不喝水怎么办？,我家/r 宝宝/nr 喝水/v,我家 宝宝 喝水,喝水 宝宝 我家,宝宝 喝水 我家,宝宝 喝水,94,宝宝 喝水 我家
95,怀孕七周感冒能吃药吗？,怀孕/v 七周/t 感冒/v 吃药/v,怀孕 七周 感冒 吃药,七周 吃药 感冒 怀孕,怀孕 感冒 七周 吃药,感冒 七周 怀孕 吃药,95,感冒 七周 吃药 怀孕
96,宝宝腿短怎么办？,宝宝/nr 腿短/n,宝宝 腿短,腿短 宝宝,宝宝 腿短,腿短 宝宝,96,腿短 宝宝
97,怀孕七周老是打喷嚏能吃什么药？,怀孕/v 七周/t 老/a 是/v 打喷嚏/v 吃/v 药/n,怀孕 七周 老是 打喷嚏 吃 药,七周 打喷嚏 老是 怀孕,怀孕 老是 七周 打喷嚏,怀孕 七周,97,打喷嚏 老是 吃 七周 药 怀孕
98,说说26周胎儿的发育指标。,26/m 周/nr 胎儿/n 发育/vn 指标/n,26 周 胎儿 发育 指标,26 胎儿 发育 指标,发育 指标 胎儿 26,胎儿 指标 发育 26,98,胎儿 发育 周 指标 26
99,跟我说说宝宝的发育指标。,宝宝/nr 发育/vn 指标/n,宝宝 发育 指标,宝宝 发育 指标,宝宝 发育 指标,指标 宝宝 发育,99,发育 指标 宝宝
100,怀孕七周感冒能吃药吗？,怀孕/v 七周/t 感冒/v 吃药/v,怀孕 七周 感冒 吃药,七周 吃药 感冒 怀孕,怀孕 感冒 七周 吃药,感冒 七周 怀孕 吃药,100,感冒 七周 吃药 怀孕
101,宝宝腿短怎么办？,宝宝/nr 腿短/n,宝宝 腿短,腿短 宝宝,宝宝 腿短,腿短 宝宝,101,腿短 宝宝
102,怀孕七周老是打喷嚏能吃什么药？,怀孕/v 七周/t 老/a 是/v 打喷嚏/v 吃/v 药/n,怀孕 七周 老是 打喷嚏 吃 药,七周 打喷嚏 老是 怀孕,怀孕 老是 七周 打喷嚏,怀孕 七周,102,打喷嚏 老是 吃 七周 药 怀孕
103,孕七周有今天有点见红，怎么回事？,孕/n 七周/t 见红/x 怎么回事/l,孕 七周 见红 怎么回事,见红 七周 怎么回事,怎么回事 七周 见红,见红 怎么回事 七周,103,见红 七周 怎么回事 孕
104,怀孕初期可以喝蜂蜜吗？,怀孕/v 初期/t 喝/vg 蜂蜜/n,怀孕 初期 喝 蜂蜜,蜂蜜 怀孕 初期,怀孕 初期 蜂蜜,初期 怀孕 蜂蜜,104,喝 初期 蜂蜜 怀孕
105,折腿抽筋。,折/v 腿抽筋/v,折 腿抽筋,腿抽筋,腿抽筋,,105,腿抽筋 折
106,宝宝拉屎出现奶瓣儿了，这是怎么回事儿啊？以前都没出现过。,宝宝/nr 拉屎/v 奶瓣/x 儿/n 这/r 是/v 回事儿/n 没/v,宝宝 拉屎 奶瓣 儿 这是 回事儿 没,奶瓣 回事儿 拉屎 宝宝 这是,宝宝 回事儿 拉屎 奶瓣 这是,拉屎 宝宝 奶瓣,106,儿 这是 奶瓣 回事儿 拉屎 没 宝宝
107,宝宝拉屎有奶瓣儿，怎么回事？,宝宝/nr 拉屎/v 奶瓣/x 儿/n 怎么回事/l,宝宝 拉屎 奶瓣 儿 怎么回事,奶瓣 拉屎 宝宝 怎么回事,宝宝 怎么回事 拉屎 奶瓣,奶瓣 拉屎 宝宝 怎么回事,107,奶瓣 儿 拉屎 怎么回事 宝宝
108,小孩髋骨有十名是缺钙。,小孩/n 髋骨/n 十名/m 缺钙/n,小孩 髋骨 十名 缺钙,髋骨 缺钙 十名 小孩,小孩 缺钙 髋骨 十名,髋骨 十名 小孩 缺钙,108,十名 髋骨 缺钙 小孩
109,胯骨有声响是缺钙吗？,胯骨/n 声响/n 缺钙/n,胯骨 声响 缺钙,胯骨 缺钙 声响,缺钙 声响 胯骨,胯骨 缺钙 声响,109,声响 缺钙 胯骨
110,我想问产后血糖饭后三小时7.1高不？,想/v 问/n 产后/n 血糖/n 饭后/t 小时/n 7.1/m 高/a,想 问 产后 血糖 饭后 小时 7.1 高,7.1 饭后 产后 血糖 小时,产后 小时 血糖 饭后,饭后 血糖 小时 产后,110,饭后 血糖 小时 产后 7.1 问 高 想
111,发烧怎么办？,发烧/v,发烧,发烧,发烧,,111,发烧
112,宝宝拉屎出现奶瓣儿了，这是怎么回事儿啊？以前都没出现过。,宝宝/nr 拉屎/v 奶瓣/x 儿/n 这/r 是/v 回事儿/n 没/v,宝宝 拉屎 奶瓣 儿 这是 回事儿 没,奶瓣 回事儿 拉屎 宝宝 这是,宝宝 回事儿 拉屎 奶瓣 这是,拉屎 宝宝 奶瓣,112,儿 这是 奶瓣 回事儿 拉屎 没 宝宝
113,宝宝拉屎有奶瓣儿，怎么回事？,宝宝/nr 拉屎/v 奶瓣/x 儿/n 怎么回事/l,宝宝 拉屎 奶瓣 儿 怎么回事,奶瓣 拉屎 宝宝 怎么回事,宝宝 怎么回事 拉屎 奶瓣,奶瓣 拉屎 宝宝 怎么回事,113,奶瓣 儿 拉屎 怎么回事 宝宝
114,小孩髋骨有十名是缺钙。,小孩/n 髋骨/n 十名/m 缺钙/n,小孩 髋骨 十名 缺钙,髋骨 缺钙 十名 小孩,小孩 缺钙 髋骨 十名,髋骨 十名 小孩 缺钙,114,十名 髋骨 缺钙 小孩
115,胯骨有声响是缺钙吗？,胯骨/n 声响/n 缺钙/n,胯骨 声响 缺钙,胯骨 缺钙 声响,缺钙 声响 胯骨,胯骨 缺钙 声响,115,声响 缺钙 胯骨
116,小孩髋骨有声响是缺钙吗？,小孩/n 髋骨/n 声响/n 缺钙/n,小孩 髋骨 声响 缺钙,髋骨 缺钙 声响 小孩,小孩 缺钙 髋骨 声响,髋骨 声响 小孩 缺钙,116,声响 髋骨 缺钙 小孩
117,两个月的小孩髋骨有响声是缺钙吗？,两个月/x 小孩/n 髋骨/n 响声/n 缺钙/n,两个月 小孩 髋骨 响声 缺钙,髋骨 两个月 缺钙 响声 小孩,小孩 两个月 缺钙 髋骨 响声,髋骨 小孩 响声 缺钙,117,髋骨 响声 小孩 缺钙 两个月
118,两个月的小孩髋骨有响声是缺钙吗？,两个月/x 小孩/n 髋骨/n 响声/n 缺钙/n,两个月 小孩 髋骨 响声 缺钙,髋骨 两个月 缺钙 响声 小孩,小孩 两个月 缺钙 髋骨 响声,髋骨 小孩 响声 缺钙,118,髋骨 响声 小孩 缺钙 两个月
119,今天抽血，宝宝脚上有点肿。,抽血/v 宝宝/nr 脚/n 肿/n,抽血 宝宝 脚 肿,抽血 宝宝,宝宝 抽血,抽血 宝宝,119,脚 宝宝 肿 抽血
120,宝宝脚上有点肿。,宝宝/nr 脚/n 肿/n,宝宝 脚 肿,宝宝,宝宝,,120,脚 肿 宝宝
121,宝宝今天从脚上抽血，脚上有点肿。,宝宝/nr 从/p 脚/n 抽血/v 脚/n 肿/n,宝宝 从脚 抽血 脚 肿,从脚 抽血 宝宝,宝宝 抽血 从脚,,121,抽血 脚 从脚 肿 宝宝
122,小孩舌苔发白怎么回事？,小孩/n 舌苔/n 发白/v 怎么回事/l,小孩 舌苔 发白 怎么回事,发白 舌苔 怎么回事 小孩,怎么回事 小孩 舌苔 发白,舌苔 发白 小孩 怎么回事,122,发白 舌苔 怎么回事 小孩
123,三个月的宝宝应该注意什么？,三个月/x 宝宝/nr,三个月 宝宝,三个月 宝宝,宝宝 三个月,宝宝 三个月,123,宝宝 三个月
124,三个月的宝宝应该注意什么？,三个月/x 宝宝/nr,三个月 宝宝,三个月 宝宝,宝宝 三个月,宝宝 三个月,124,宝宝 三个月
125,宝宝不爱睡觉怎么办？,宝宝/nr 不/d 爱/v 睡觉/v,宝宝 不爱 睡觉,不爱 宝宝 睡觉,宝宝 睡觉 不爱,,125,不爱 睡觉 宝宝
126,宝宝晚上睡觉晚怎么办？,宝宝/nr 晚上/t 睡觉/v 晚/tg,宝宝 晚上 睡觉 晚,宝宝 睡觉 晚上,宝宝 睡觉 晚上,睡觉 晚上 宝宝,126,睡觉 晚上 晚 宝宝
127,宝宝吃什么钙好？,宝宝/nr 吃/v 钙/n 好/a,宝宝 吃 钙 好,宝宝,宝宝,,127,钙 吃 好 宝宝
128,宝宝60天怎么补钙？,宝宝/nr 60/m 天/q 补钙/n,宝宝 60 天 补钙,60 补钙 宝宝,宝宝 补钙 60,60 宝宝 补钙,128,天 60 补钙 宝宝
129,孕中期肚子疼。,孕中期/x 肚子疼/v,孕中期 肚子疼,孕中期 肚子疼,肚子疼 孕中期,肚子疼 孕中期,129,肚子疼 孕中期
130,孕妈肚子疼怎么办？,孕妈/x 肚子疼/v,孕妈 肚子疼,孕妈 肚子疼,肚子疼 孕妈,肚子疼 孕妈,130,肚子疼 孕妈
131,孕妈肚子疼怎么回事？,孕妈/x 肚子疼/v 怎么回事/l,孕妈 肚子疼 怎么回事,孕妈 肚子疼 怎么回事,怎么回事 肚子疼 孕妈,肚子疼 怎么回事 孕妈,131,肚子疼 怎么回事 孕妈
132,孩子今天满月了，但是不知道吃母乳，今天老是吃不饱。,孩子/n 满月/t 吃/v 母乳/n 老/a 是/v 吃不饱/l,孩子 满月 吃 母乳 老是 吃不饱,母乳 吃不饱 满月 老是 孩子,老是 母乳 孩子 吃不饱 满月,满月 孩子 母乳,132,母乳 吃 老是 满月 吃不饱 孩子
133,宝宝最近吃母乳老是吃不饱，怎么回事？,宝宝/nr 吃/v 母乳/n 老/a 是/v 吃不饱/l 怎么回事/l,宝宝 吃 母乳 老是 吃不饱 怎么回事,母乳 吃不饱 老是 宝宝 怎么回事,宝宝 怎么回事 老是 母乳 吃不饱,母乳 怎么回事 宝宝 吃不饱,133,老是 母乳 吃不饱 吃 怎么回事 宝宝
134,孩子最近老吃母乳，老是吃不饱怎么回事？,孩子/n 老/a 吃/v 母乳/n 老/a 是/v 吃不饱/l 怎么回事/l,孩子 老 吃 母乳 老是 吃不饱 怎么回事,母乳 吃不饱 老是 怎么回事 孩子,怎么回事 老是 母乳 孩子 吃不饱,怎么回事 吃不饱,134,母乳 老是 吃 吃不饱 老 怎么回事 孩子
135,孕妇可以吃火龙果吗？,孕妇/n 吃/v 火龙果/n,孕妇 吃 火龙果,火龙果 孕妇,孕妇 火龙果,火龙果 孕妇,135,吃 火龙果 孕妇
136,怀孕几个月做才能变大？,怀孕/v 几个月/x 才能/v 变/v,怀孕 几个月 才能 变,几个月 怀孕 才能,怀孕 才能 几个月,才能 怀孕 几个月,136,才能 几个月 变 怀孕
137,我说我很想知道我怀的是男孩还是女孩，你知道吗？,想/v 我/r 怀/v 男孩/n 女孩/n,想 我怀 男孩 女孩,我怀 男孩 女孩,女孩 男孩 我怀,男孩 女孩,137,男孩 我怀 女孩 想
138,办理出院之后需要马上做出生证明吗？,办理/n 出院/n 马上/d 出生证明/v,办理 出院 马上 出生证明,出生证明 出院 办理 马上,出生证明 出院 办理 马上,马上 出院 办理 出生证明,138,马上 出院 出生证明 办理
139,办理出生证明需要办出院之后马上做吗？,办理/n 出生证明/v 办/v 出院/n 马上/d,办理 出生证明 办 出院 马上,出生证明 出院 办理 马上,出生证明 出院 办理 马上,出院 出生证明 马上 办理,139,办 出院 出生证明 马上 办理
140,月经来了怎么办？,月经/n,月经,月经,月经,,140,月经
141,我说我很想知道我怀的是男孩还是女孩，你知道吗？,想/v 我/r 怀/v 男孩/n 女孩/n,想 我怀 男孩 女孩,我怀 男孩 女孩,女孩 男孩 我怀,男孩 女孩,141,男孩 我怀 女孩 想
142,办理出院之后需要马上做出生证明吗？,办理/n 出院/n 马上/d 出生证明/v,办理 出院 马上 出生证明,出生证明 出院 办理 马上,出生证明 出院 办理 马上,马上 出院 办理 出生证明,142,马上 出院 出生证明 办理
143,办理出生证明需要办出院之后马上做吗？,办理/n 出生证明/v 办/v 出院/n 马上/d,办理 出生证明 办 出院 马上,出生证明 出院 办理 马上,出生证明 出院 办理 马上,出院 出生证明 马上 办理,143,办 出院 出生证明 马上 办理
144,我想问一下，出于好奇的心，我想知道是男孩还是女孩。,想/v 问/n 出于/v 好奇/a 心/n 想/v 男孩/n 女孩/n,想 问 出于 好奇 心 想 男孩 女孩,男孩 好奇 女孩 出于,女孩 男孩 出于 好奇,好奇 男孩 出于 女孩,144,想 心 问 好奇 出于 男孩 女孩
145,月经来了怎么办？,月经/n,月经,月经,月经,,145,月经
146,宝宝12天了，吃奶老是隔几分钟就吃的睡着了，放下又醒了。,宝宝/nr 12/m 天/q 吃奶/n 老/a 是/v 隔/v 几分钟/m 吃/v 睡着/v 放下/v 醒/v,宝宝 12 天 吃奶 老是 隔 几分钟 吃 睡着 放下 醒,12 吃奶 老是 几分钟 宝宝 睡着 放下,宝宝 老是 吃奶 放下 几分钟 睡着 12,睡着 12 宝宝 吃奶,146,隔 几分钟 老是 吃 吃奶 睡着 天 放下 12 醒 宝宝
147,8月宝宝发烧了什么？,8/x 月/m 宝宝/nr 发烧/v,8 月 宝宝 发烧,发烧 宝宝,宝宝 发烧,宝宝 发烧,147,宝宝 月 发烧 8
148,孕妇感冒怎么办？,孕妇/n 感冒/v,孕妇 感冒,孕妇 感冒,孕妇 感冒,感冒 孕妇,148,感冒 孕妇
149,跟我说宝宝发育指标。,宝宝/nr 发育/vn 指标/n,宝宝 发育 指标,宝宝 发育 指标,宝宝 发育 指标,指标 宝宝 发育,149,发育 指标 宝宝
150,宝宝快三个月的防疫针还一点都没打，怎么办？,宝宝/nr 快/a 三个月/x 防疫针/n 一点/m 没/v,宝宝 快 三个月 防疫针 一点 没,防疫针 三个月 宝宝 一点,宝宝 三个月 一点 防疫针,三个月 防疫针 一点 宝宝,150,防疫针 三个月 一点 快 没 宝宝
151,胃出血。,胃出血/n,胃出血,胃出血,胃出血,,151,胃出血
152,拉绿便便的原因。,拉/v 绿便便/x 原因/n,拉 绿便便 原因,绿便便 原因,原因 绿便便,绿便便 原因,152,绿便便 原因 拉
153,三个月肚子能有多大？,三个月/x 肚子/n,三个月 肚子,三个月 肚子,三个月 肚子,肚子 三个月,153,肚子 三个月
154,能不能吃川贝？,吃/v 川贝/nr,吃 川贝,川贝,川贝,,154,川贝 吃
155,好吧，我哭了，不是饿了怎么办呢？,好/a 哭/v 饿/v,好 哭 饿,,,,155,哭 饿 好
156,怎么了解宝宝哭呢？,宝宝/nr 哭/v,宝宝 哭,宝宝,宝宝,,156,哭 宝宝
157,五个月宝宝吃了药还不好，能不能去医院？,五个月/x 宝宝/nr 吃/v 药/n 不好/d 医院/n,五个月 宝宝 吃 药 不好 医院,五个月 宝宝 医院 不好,宝宝 五个月 不好 医院,宝宝 医院 五个月 不好,157,药 吃 不好 宝宝 医院 五个月
158,五个月宝宝吃了药还是咳嗽不好。,五个月/x 宝宝/nr 吃/v 药/n 咳嗽/v 不好/d,五个月 宝宝 吃 药 咳嗽 不好,五个月 宝宝 咳嗽 不好,宝宝 五个月 咳嗽 不好,宝宝 咳嗽 五个月 不好,158,药 吃 咳嗽 宝宝 不好 五个月
159,宝宝咳嗽严重又鼻塞怎么办？,宝宝/nr 咳嗽/v 鼻塞/n,宝宝 咳嗽 鼻塞,鼻塞 宝宝 咳嗽,宝宝 咳嗽 鼻塞,鼻塞 宝宝 咳嗽,159,咳嗽 鼻塞 宝宝
160,怎么了解宝宝哭呢？,宝宝/nr 哭/v,宝宝 哭,宝宝,宝宝,,160,哭 宝宝
161,五个月宝宝吃了药还不好，能不能去医院？,五个月/x 宝宝/nr 吃/v 药/n 不好/d 医院/n,五个月 宝宝 吃 药 不好 医院,五个月 宝宝 医院 不好,宝宝 五个月 不好 医院,宝宝 医院 五个月 不好,161,药 吃 不好 宝宝 医院 五个月
162,五个月宝宝吃了药还是咳嗽不好。,五个月/x 宝宝/nr 吃/v 药/n 咳嗽/v 不好/d,五个月 宝宝 吃 药 咳嗽 不好,五个月 宝宝 咳嗽 不好,宝宝 五个月 咳嗽 不好,宝宝 咳嗽 五个月 不好,162,药 吃 咳嗽 宝宝 不好 五个月
163,早进肚子痛。,早/a 进/v 肚子痛/n,早进 肚子痛,早进 肚子痛,早进 肚子痛,,163,肚子痛 早进
164,宝宝咳嗽严重又鼻塞怎么办？,宝宝/nr 咳嗽/v 鼻塞/n,宝宝 咳嗽 鼻塞,鼻塞 宝宝 咳嗽,宝宝 咳嗽 鼻塞,鼻塞 宝宝 咳嗽,164,咳嗽 鼻塞 宝宝
165,宝宝咳嗽严重诱发。,宝宝/nr 咳嗽/v 诱发/v,宝宝 咳嗽 诱发,诱发 宝宝 咳嗽,宝宝 咳嗽 诱发,诱发 宝宝 咳嗽,165,咳嗽 诱发 宝宝
166,大排畸是四维彩超吗？,大排畸/x 四维彩超/x,大排畸 四维彩超,大排畸 四维彩超,四维彩超 大排畸,大排畸 四维彩超,166,四维彩超 大排畸
167,孕妇可以吃橙子吗？,孕妇/n 吃/v 橙子/n,孕妇 吃 橙子,橙子 孕妇,孕妇 橙子,橙子 孕妇,167,吃 橙子 孕妇
168,吃妈咪爱可以改善宝宝大便吗？,吃/v 妈咪/n 爱/v 改善/v 宝宝/nr 大/a 便/d,吃 妈咪 爱 改善 宝宝 大便,妈咪 宝宝 改善,宝宝 妈咪 改善 大便,改善 妈咪 宝宝,168,改善 爱 宝宝 妈咪 大便 吃
169,宝宝宝宝咳嗽越来越严重怎么办？,宝宝/nr 宝宝/nr 咳嗽/v 越来越/d,宝宝 宝宝 咳嗽 越来越,宝宝 咳嗽 越来越,宝宝 咳嗽 越来越,宝宝 咳嗽 越来越,169,宝宝 咳嗽 越来越
170,吃妈咪爱可以改善宝宝大便吗？,吃/v 妈咪/n 爱/v 改善/v 宝宝/nr 大/a 便/d,吃 妈咪 爱 改善 宝宝 大便,妈咪 宝宝 改善,宝宝 妈咪 改善 大便,改善 妈咪 宝宝,170,改善 爱 宝宝 妈咪 大便 吃
171,怀孕可以吃巧克力吗？,怀孕/v 吃/v 巧克力/nr,怀孕 吃 巧克力,巧克力 怀孕,怀孕 巧克力,怀孕 巧克力,171,吃 巧克力 怀孕
172,吃妈咪爱可以改善吗？,吃/v 妈咪/n 爱/v 改善/v,吃 妈咪 爱 改善,妈咪 改善,妈咪 改善,改善 妈咪,172,爱 妈咪 改善 吃
173,孕妇可以吃猕猴桃吗？,孕妇/n 吃/v 猕猴桃/n,孕妇 吃 猕猴桃,猕猴桃 孕妇,孕妇 猕猴桃,猕猴桃 孕妇,173,吃 猕猴桃 孕妇
174,两个月宝宝大便拉稀是怎么回事？,两个月/x 宝宝/nr 便/d 拉稀/nr 怎么回事/l,两个月 宝宝 便 拉稀 怎么回事,两个月 拉稀 宝宝 怎么回事,宝宝 怎么回事 两个月 拉稀,拉稀 宝宝 怎么回事 两个月,174,大便 拉稀 宝宝 怎么回事 两个月
175,孕妇可以侧着躺吗？,孕妇/n 侧/v 躺/v,孕妇 侧 躺,孕妇,孕妇,,175,侧 躺 孕妇
176,两个月宝宝可以吃益生菌冻干粉吗？,两个月/x 宝宝/nr 吃/v 益生菌/nr 冻干粉/n,两个月 宝宝 吃 益生菌 冻干粉,冻干粉 益生菌 两个月 宝宝,宝宝 益生菌 两个月 冻干粉,益生菌 宝宝 冻干粉 两个月,176,吃 益生菌 宝宝 冻干粉 两个月
177,睡觉可以侧着躺吗？,睡觉/v 侧/v 躺/v,睡觉 侧 躺,睡觉,睡觉,,177,侧 躺 睡觉
178,可以侧着躺吗？,侧/v 躺/v,侧 躺,,,,178,躺 侧
179,两个月宝宝可以吃益生菌冻干粉吗？,两个月/x 宝宝/nr 吃/v 益生菌/nr 冻干粉/n,两个月 宝宝 吃 益生菌 冻干粉,冻干粉 益生菌 两个月 宝宝,宝宝 益生菌 两个月 冻干粉,益生菌 宝宝 冻干粉 两个月,179,吃 益生菌 宝宝 冻干粉 两个月
180,宝宝发育指标。,宝宝/nr 发育/vn 指标/n,宝宝 发育 指标,宝宝 发育 指标,宝宝 发育 指标,指标 宝宝 发育,180,发育 指标 宝宝
181,两个月宝宝可以吃益生菌吗？,两个月/x 宝宝/nr 吃/v 益生菌/nr,两个月 宝宝 吃 益生菌,益生菌 两个月 宝宝,宝宝 益生菌 两个月,宝宝 益生菌 两个月,181,吃 宝宝 益生菌 两个月
182,坐月子可以吃猪肝瘦肉粥吗？,坐月子/n 吃/v 猪肝/n 瘦肉粥/nz,坐月子 吃 猪肝 瘦肉粥,瘦肉粥 猪肝 坐月子,坐月子 猪肝 瘦肉粥,猪肝 瘦肉粥 坐月子,182,猪肝 吃 瘦肉粥 坐月子
183,孕期性生活。,孕期/t 性生活/n,孕期 性生活,孕期 性生活,孕期 性生活,性生活 孕期,183,性生活 孕期
184,哺乳期可以吃猪肝瘦肉粥吗？,哺乳期/n 吃/v 猪肝/n 瘦肉粥/nz,哺乳期 吃 猪肝 瘦肉粥,瘦肉粥 猪肝 哺乳期,哺乳期 猪肝 瘦肉粥,猪肝 瘦肉粥 哺乳期,184,猪肝 吃 瘦肉粥 哺乳期
185,孕期上性生活。,孕期/t 性生活/n,孕期 性生活,孕期 性生活,孕期 性生活,性生活 孕期,185,性生活 孕期
186,宝宝感冒咳嗽流鼻涕，喉咙哑。,宝宝/nr 感冒/v 咳嗽/v 流鼻涕/n 喉咙/n 哑/v,宝宝 感冒 咳嗽 流鼻涕 喉咙 哑,流鼻涕 喉咙 宝宝 感冒 咳嗽,宝宝 感冒 咳嗽 流鼻涕 喉咙,咳嗽 流鼻涕 感冒 喉咙,186,流鼻涕 咳嗽 喉咙 感冒 哑 宝宝
187,宝宝感冒咳嗽嗯声音变哑。,宝宝/nr 感冒/v 咳嗽/v 声音/n 变/v 哑/v,宝宝 感冒 咳嗽 声音 变哑,变哑 宝宝 感冒 咳嗽 声音,宝宝 感冒 咳嗽 变哑 声音,感冒 咳嗽 宝宝 声音,187,咳嗽 声音 感冒 变哑 宝宝
188,现在都在感冒了怎么办？,感冒/v,感冒,感冒,感冒,,188,感冒
189,宝宝感冒咳嗽流鼻涕，喉咙哑。,宝宝/nr 感冒/v 咳嗽/v 流鼻涕/n 喉咙/n 哑/v,宝宝 感冒 咳嗽 流鼻涕 喉咙 哑,流鼻涕 喉咙 宝宝 感冒 咳嗽,宝宝 感冒 咳嗽 流鼻涕 喉咙,咳嗽 流鼻涕 感冒 喉咙,189,流鼻涕 咳嗽 喉咙 感冒 哑 宝宝
190,宝宝断奶一年多，母乳喂养还会有。,宝宝/nr 断奶/n 一年/m 母乳喂养/vn 还/d 会/v,宝宝 断奶 一年 母乳喂养 还会,断奶 母乳喂养 宝宝 还会 一年,宝宝 断奶 还会 母乳喂养 一年,断奶 一年 母乳喂养 宝宝,190,一年 母乳喂养 断奶 还会 宝宝
191,宝宝感冒咳嗽嗯声音变哑。,宝宝/nr 感冒/v 咳嗽/v 声音/n 变/v 哑/v,宝宝 感冒 咳嗽 声音 变哑,变哑 宝宝 感冒 咳嗽 声音,宝宝 感冒 咳嗽 变哑 声音,感冒 咳嗽 宝宝 声音,191,咳嗽 声音 感冒 变哑 宝宝
192,宝宝感冒了怎么办？,宝宝/nr 感冒/v,宝宝 感冒,宝宝 感冒,宝宝 感冒,感冒 宝宝,192,感冒 宝宝
193,宝宝感冒了怎么办？,宝宝/nr 感冒/v,宝宝 感冒,宝宝 感冒,宝宝 感冒,感冒 宝宝,193,感冒 宝宝
194,现在都在感冒了怎么办？,感冒/v,感冒,感冒,感冒,,194,感冒
195,小孩感冒了怎么办？,小孩/n 感冒/v,小孩 感冒,感冒 小孩,感冒 小孩,感冒 小孩,195,感冒 小孩
196,备孕期间用试纸测一条红颜色，一条浅颜色代表什么？,备孕/x 期间/f 试纸/vn 测/vn 一条/m 红颜色/nr 一条/m 浅/a 颜色/n 代表/n,备孕 期间 试纸 测 一条 红颜色 一条 浅 颜色 代表,备孕 红颜色 试纸 一条 颜色 期间 代表,期间 颜色 代表 红颜色 试纸 备孕 一条,一条 试纸 颜色 期间,196,一条 红颜色 测 浅 试纸 颜色 期间 代表 备孕
197,是指有一个红颜色，一个浅颜色，代表什么？,指有/v 一个/m 红颜色/nr 一个/m 浅/a 颜色/n 代表/n,指有 一个 红颜色 一个 浅 颜色 代表,指有 红颜色 颜色 一个 代表,颜色 红颜色 代表 指有 一个,一个 红颜色 颜色 指有,197,一个 红颜色 浅 颜色 指有 代表
198,宝宝发育快。,宝宝/nr 发育/vn 快/a,宝宝 发育 快,宝宝 发育,宝宝 发育,宝宝 发育,198,发育 快 宝宝
199,宝宝从2018年，嗯11月20号一直拉肚子，拉到10月30号，今天到医院去看过之后回来吃了药之后宝宝拉的大便是暗褐色，为什么？,宝宝/nr 2018/m 11/m 月/m 20/m 号/m 拉肚子/n 拉/v 到/v 10/m 月/m 30/m 号/m 医院/n 看过/v 回来/v 吃/v 药/n 宝宝/nr 拉/v 便是/v 暗褐色/n,宝宝 2018 11 月 20 号 拉肚子 拉到 10 月 30 号 医院 看过 回来 吃 药 宝宝 拉 便是 暗褐色,宝宝 2018 11 20 10 30 拉肚子 暗褐色 看过 便是 医院 回来,宝宝 拉肚子 30 医院 11 回来 20 便是 看过 拉到 暗褐色 2018 10,医院 宝宝 11 30,199,月 号 宝宝 30 20 11 10 拉肚子 医院 2018 药 拉 拉到 看过 吃 回来 便是 暗褐色
200,感觉宝宝有点斗鸡眼，该怎么教纠正？,感觉/n 宝宝/nr 斗鸡眼/i 教/v 纠正/v,感觉 宝宝 斗鸡眼 教 纠正,斗鸡眼 宝宝 纠正 感觉,宝宝 感觉 斗鸡眼 纠正,斗鸡眼 感觉 宝宝 纠正,200,斗鸡眼 教 宝宝 纠正 感觉
201,感觉宝宝有点斗鸡眼，该怎么纠正？,感觉/n 宝宝/nr 斗鸡眼/i 纠正/v,感觉 宝宝 斗鸡眼 纠正,斗鸡眼 宝宝 纠正 感觉,宝宝 感觉 斗鸡眼 纠正,斗鸡眼 宝宝 纠正 感觉,201,斗鸡眼 宝宝 纠正 感觉
202,牙龈出血。,牙龈/n 出血/v,牙龈 出血,牙龈 出血,出血 牙龈,牙龈 出血,202,出血 牙龈
203,妈妈牙龈出血是怎么回事儿？,妈妈/n 牙龈/n 出血/v 回事儿/n,妈妈 牙龈 出血 回事儿,牙龈 回事儿 出血 妈妈,妈妈 回事儿 出血 牙龈,牙龈 出血 妈妈 回事儿,203,出血 牙龈 回事儿 妈妈
204,剖腹产两个宝宝还能自己顺产宝宝吗？第三个包吗？,剖腹产/n 两个/m 宝宝/nr 顺产/n 宝宝/nr 第三个/m 包/v,剖腹产 两个 宝宝 顺产 宝宝 第三个 包,宝宝 顺产 剖腹产 第三个 两个,宝宝 剖腹产 顺产 第三个 两个,宝宝 顺产 两个 剖腹产,204,宝宝 顺产 第三个 两个 包 剖腹产
205,怀孕可以搬家吗？,怀孕/v 搬家/v,怀孕 搬家,搬家 怀孕,怀孕 搬家,搬家 怀孕,205,搬家 怀孕
206,怀孕了能搬家吗？,怀孕/v 搬家/v,怀孕 搬家,搬家 怀孕,怀孕 搬家,搬家 怀孕,206,搬家 怀孕
207,宝宝不喝奶粉怎么办？,宝宝/nr 喝/vg 奶粉/n,宝宝 喝 奶粉,奶粉 宝宝,宝宝 奶粉,宝宝 奶粉,207,喝 奶粉 宝宝
208,宝宝可以吃清清宝吗？,宝宝/nr 吃/v 清清/t 宝/nr,宝宝 吃 清清 宝,清清 宝宝,宝宝 清清,清清 宝宝,208,清清 吃 宝 宝宝
209,老婆可以吃清清宝吗？,老婆/n 吃/v 清清/t 宝/nr,老婆 吃 清清 宝,清清 老婆,清清 老婆,老婆 清清,209,清清 吃 宝 老婆
210,宝宝可以吃清清乳吗？,宝宝/nr 吃/v 清清/t 乳/ng,宝宝 吃 清清 乳,清清 宝宝,宝宝 清清,清清 宝宝,210,清清 吃 乳 宝宝
211,宝宝发育指标。,宝宝/nr 发育/vn 指标/n,宝宝 发育 指标,宝宝 发育 指标,宝宝 发育 指标,指标 宝宝 发育,211,发育 指标 宝宝
212,宝宝拉绿色便便。,宝宝/nr 拉/v 绿色/n 便便/x,宝宝 拉 绿色 便便,便便 宝宝 绿色,宝宝 便便 绿色,绿色 宝宝 便便,212,绿色 拉 便便 宝宝
213,上幼儿园可以哭吗？,幼儿园/nr 哭/v,幼儿园 哭,幼儿园,幼儿园,,213,哭 幼儿园
214,宝宝可以吃母乳吗？,宝宝/nr 吃/v 母乳/n,宝宝 吃 母乳,母乳 宝宝,宝宝 母乳,母乳 宝宝,214,吃 母乳 宝宝
215,宝宝可以吃米乳吗？,宝宝/nr 吃/v 米/q 乳/ng,宝宝 吃 米 乳,宝宝,宝宝,,215,米 吃 乳 宝宝
216,宝宝拉绿色便便。,宝宝/nr 拉/v 绿色/n 便便/x,宝宝 拉 绿色 便便,便便 宝宝 绿色,宝宝 便便 绿色,绿色 宝宝 便便,216,绿色 拉 便便 宝宝
217,宝宝拉黑色便便是怎么回事？,宝宝/nr 拉/v 黑色/n 便/d 便是/v 怎么回事/l,宝宝 拉 黑色 便 便是 怎么回事,宝宝 怎么回事 黑色 便是,宝宝 怎么回事 便是 黑色,黑色 便是 怎么回事 宝宝,217,便 黑色 便是 拉 怎么回事 宝宝
218,上幼儿园可以哭吗？,幼儿园/nr 哭/v,幼儿园 哭,幼儿园,幼儿园,,218,哭 幼儿园
219,宝宝可以吃母乳吗？,宝宝/nr 吃/v 母乳/n,宝宝 吃 母乳,母乳 宝宝,宝宝 母乳,母乳 宝宝,219,吃 母乳 宝宝
220,上幼儿园会哭吗？,幼儿园/nr 哭/v,幼儿园 哭,幼儿园,幼儿园,,220,哭 幼儿园
221,宝宝可以吃米乳吗？,宝宝/nr 吃/v 米/q 乳/ng,宝宝 吃 米 乳,宝宝,宝宝,,221,米 吃 乳 宝宝
222,宝宝可以吃母乳吗？,宝宝/nr 吃/v 母乳/n,宝宝 吃 母乳,母乳 宝宝,宝宝 母乳,母乳 宝宝,222,吃 母乳 宝宝
223,可以吃什么巧克力？,吃/v 巧克力/nr,吃 巧克力,巧克力,巧克力,,223,巧克力 吃
224,宝宝一天可以吃几次米粉？,宝宝/nr 吃/v 几次/m 米粉/nr,宝宝 吃 几次 米粉,米粉 宝宝 几次,宝宝 几次 米粉,几次 宝宝 米粉,224,几次 吃 米粉 宝宝
225,宝宝肠绞痛怎么办？,宝宝/nr 肠绞痛/n,宝宝 肠绞痛,肠绞痛 宝宝,宝宝 肠绞痛,肠绞痛 宝宝,225,肠绞痛 宝宝
226,婴儿胆总坐高300多怎么回事？,婴儿/n 胆/n 总/b 坐/v 高/a 300/m 怎么回事/l,婴儿 胆总坐 高 300 怎么回事,胆总坐 300 怎么回事 婴儿,怎么回事 婴儿 300 胆总坐,怎么回事 300,226,高 300 胆总坐 怎么回事 婴儿
227,宝宝发育指标。,宝宝/nr 发育/vn 指标/n,宝宝 发育 指标,宝宝 发育 指标,宝宝 发育 指标,指标 宝宝 发育,227,发育 指标 宝宝
228,宝宝发育指标。,宝宝/nr 发育/vn 指标/n,宝宝 发育 指标,宝宝 发育 指标,宝宝 发育 指标,指标 宝宝 发育,228,发育 指标 宝宝
229,婴儿但总数高达300多。,婴儿/n 总数/n 高/a 达/v 300/m,婴儿 总数 高达 300,300 婴儿 总数,婴儿 300 总数 高达,总数 婴儿,229,高达 总数 300 婴儿
230,但总会说高300多怎么回事？,总会/n 高/a 300/m 怎么回事/l,总会 高 300 怎么回事,300 总会 怎么回事,怎么回事 300 总会,300 总会 怎么回事,230,300 高 怎么回事 总会
231,黄疸高怎么办？,黄疸/n 高/a,黄疸 高,黄疸,黄疸,,231,高 黄疸
232,月子餐可不可以吃盐？,月子餐/x 可不可以/c 吃盐/n,月子餐 可不可以 吃盐,月子餐 吃盐 可不可以,可不可以 月子餐 吃盐,月子餐 吃盐 可不可以,232,可不可以 吃盐 月子餐
233,怎么数胎动？,数/n 胎动/n,数 胎动,胎动,胎动,,233,胎动 数
234,宝宝黄疸怎么治？,宝宝/nr 黄疸/n 治/v,宝宝 黄疸 治,黄疸 宝宝,宝宝 黄疸,黄疸 宝宝,234,黄疸 治 宝宝
235,宝宝经常打掉战是什么原因？,宝宝/nr 打/v 掉/zg 战是/n 原因/n,宝宝 打掉 战是 原因,战是 宝宝 原因,宝宝 原因 打掉 战是,战是 原因,235,战是 打掉 原因 宝宝
236,孕妇能喝夜奶吗？,孕妇/n 喝/vg 夜奶/x,孕妇 喝 夜奶,夜奶 孕妇,孕妇 夜奶,孕妇 夜奶,236,喝 夜奶 孕妇
237,孕妇能喝夜茶吗？,孕妇/n 喝/vg 夜茶/n,孕妇 喝 夜茶,夜茶 孕妇,孕妇 夜茶,孕妇 夜茶,237,喝 夜茶 孕妇
238,叶酸吃到多久能停？,叶酸/n 吃/v 多久/m,叶酸 吃 多久,叶酸 多久,多久 叶酸,多久 叶酸,238,吃 多久 叶酸
239,宝宝消化不良有什么症状？,宝宝/nr 消化不良/l 症状/n,宝宝 消化不良 症状,消化不良 宝宝 症状,宝宝 消化不良 症状,症状 消化不良 宝宝,239,消化不良 症状 宝宝
240,宝宝黄疸怎么治？,宝宝/nr 黄疸/n 治/v,宝宝 黄疸 治,黄疸 宝宝,宝宝 黄疸,黄疸 宝宝,240,黄疸 治 宝宝
241,为什么八个月的宝宝经常打赞是什么意思？,八个月/x 宝宝/nr 打赞/v,八个月 宝宝 打赞,八个月 打赞 宝宝,宝宝 八个月 打赞,打赞 宝宝 八个月,241,宝宝 打赞 八个月
242,宝宝经常打掉战是什么原因？,宝宝/nr 打/v 掉/zg 战是/n 原因/n,宝宝 打掉 战是 原因,战是 宝宝 原因,宝宝 原因 打掉 战是,战是 原因,242,战是 打掉 原因 宝宝
243,孕妇能喝鲜奶吗？,孕妇/n 喝/vg 鲜奶/n,孕妇 喝 鲜奶,鲜奶 孕妇,孕妇 鲜奶,鲜奶 孕妇,243,喝 鲜奶 孕妇
244,孕妇能喝夜奶吗？,孕妇/n 喝/vg 夜奶/x,孕妇 喝 夜奶,夜奶 孕妇,孕妇 夜奶,孕妇 夜奶,244,喝 夜奶 孕妇
245,日复可以喝艳艳子茶吗？,日/m 复/v 喝/vg 艳/a 艳子/n 茶/n,日复 喝艳艳子 茶,日复 喝艳艳子,日复 喝艳艳子,,245,喝艳艳子 茶 日复
246,孕妇能喝夜茶吗？,孕妇/n 喝/vg 夜茶/n,孕妇 喝 夜茶,夜茶 孕妇,孕妇 夜茶,孕妇 夜茶,246,喝 夜茶 孕妇
247,叶酸吃到多久能停？,叶酸/n 吃/v 多久/m,叶酸 吃 多久,叶酸 多久,多久 叶酸,多久 叶酸,247,吃 多久 叶酸
248,肚皮发痒怎么回事？,肚皮/n 发痒/v 怎么回事/l,肚皮 发痒 怎么回事,发痒 肚皮 怎么回事,怎么回事 发痒 肚皮,肚皮 怎么回事 发痒,248,发痒 怎么回事 肚皮
249,怀孕三个月肚子有点痒是怎么回事？,怀孕/v 三个月/x 肚子/n 痒/a 怎么回事/l,怀孕 三个月 肚子 痒 怎么回事,三个月 怀孕 怎么回事 肚子,怀孕 怎么回事 三个月 肚子,肚子 怀孕 三个月 怎么回事,249,肚子 痒 三个月 怎么回事 怀孕
250,怀孕能吃猪吗？,怀孕/v 吃/v 猪/n,怀孕 吃 猪,怀孕,怀孕,,250,吃 猪 怀孕
251,怀孕能喝柠檬茶吗？,怀孕/v 喝/vg 柠檬茶/n,怀孕 喝 柠檬茶,柠檬茶 怀孕,怀孕 柠檬茶,柠檬茶 怀孕,251,喝 柠檬茶 怀孕
252,赋能喝雪碧吗？,赋能/v 喝/vg 雪碧/x,赋能 喝 雪碧,赋能 雪碧,雪碧 赋能,雪碧 赋能,252,喝 雪碧 赋能
253,孕妇能做梦吗？,孕妇/n 做梦/v,孕妇 做梦,做梦 孕妇,孕妇 做梦,孕妇 做梦,253,做梦 孕妇
254,我能吃大蒜吗？,我/r 能/v 吃/v 大蒜/n,我能 吃 大蒜,我能 大蒜,大蒜 我能,,254,吃 大蒜 我能
255,孕妇能吃糖吗？,孕妇/n 吃糖/v,孕妇 吃糖,吃糖 孕妇,孕妇 吃糖,孕妇 吃糖,255,吃糖 孕妇
256,产后四肢发痒。,产后/n 四肢/n 发痒/v,产后 四肢 发痒,发痒 产后 四肢,产后 发痒 四肢,四肢 发痒 产后,256,四肢 发痒 产后
257,产后多久会来例假？,产后/n 多久/m 例假/v,产后 多久 例假,例假 产后 多久,产后 多久 例假,多久 例假 产后,257,多久 例假 产后
258,什么样的恶露不正常。,恶露/v,恶露,恶露,恶露,,258,恶露
259,宝宝发育指标。,宝宝/nr 发育/vn 指标/n,宝宝 发育 指标,宝宝 发育 指标,宝宝 发育 指标,指标 宝宝 发育,259,发育 指标 宝宝
260,宝宝发育指标。,宝宝/nr 发育/vn 指标/n,宝宝 发育 指标,宝宝 发育 指标,宝宝 发育 指标,指标 宝宝 发育,260,发育 指标 宝宝
261,恶露颜色由黄色变成红色正常吗？,恶露/v 颜色/n 黄色/n 红色/n,恶露 颜色 黄色 红色,恶露 黄色 红色 颜色,黄色 恶露 红色 颜色,黄色 颜色 恶露 红色,261,黄色 颜色 红色 恶露
262,什么样的恶露不正常。,恶露/v,恶露,恶露,恶露,,262,恶露
263,恶露都是血还是？,恶露/v 血/n,恶露 血,恶露,恶露,,263,血 恶露
264,宝宝发育指标。,宝宝/nr 发育/vn 指标/n,宝宝 发育 指标,宝宝 发育 指标,宝宝 发育 指标,指标 宝宝 发育,264,发育 指标 宝宝
265,宝宝发育指标。,宝宝/nr 发育/vn 指标/n,宝宝 发育 指标,宝宝 发育 指标,宝宝 发育 指标,指标 宝宝 发育,265,发育 指标 宝宝
266,恶露什么样才算排放完整？,恶露/v 算/v 排放/v 完整/a,恶露 算 排放 完整,恶露 排放 完整,恶露 排放 完整,排放 恶露 完整,266,排放 算 完整 恶露
267,产后恶露。,产后/n 恶露/v,产后 恶露,恶露 产后,产后 恶露,恶露 产后,267,恶露 产后
268,孕妇可以使用直板夹吗？,孕妇/n 直板/n 夹/n,孕妇 直板 夹,直板 孕妇,孕妇 直板,直板 孕妇,268,直板 夹 孕妇
269,跟我说宝宝发育指标。,宝宝/nr 发育/vn 指标/n,宝宝 发育 指标,宝宝 发育 指标,宝宝 发育 指标,指标 宝宝 发育,269,发育 指标 宝宝
270,孕妇可以使用直板夹吗？,孕妇/n 直板/n 夹/n,孕妇 直板 夹,直板 孕妇,孕妇 直板,直板 孕妇,270,直板 夹 孕妇
271,孕妇可以使用直板夹吗？,孕妇/n 直板/n 夹/n,孕妇 直板 夹,直板 孕妇,孕妇 直板,直板 孕妇,271,直板 夹 孕妇
272,宝宝打预防针的地方一个月了还硬邦邦的，有没有关系？,宝宝/nr 打预防针/l 地方/n 一个月/m 硬邦邦的/z 有没有/v 关系/n,宝宝 打预防针 地方 一个月 硬邦邦的 有没有 关系,打预防针 硬邦邦的 宝宝 有没有 一个月 关系 地方,宝宝 一个月 有没有 打预防针 关系 硬邦邦的 地方,硬邦邦的 地方 一个月 打预防针,272,一个月 硬邦邦的 地方 有没有 打预防针 关系 宝宝
273,宝宝发育指标。,宝宝/nr 发育/vn 指标/n,宝宝 发育 指标,宝宝 发育 指标,宝宝 发育 指标,指标 宝宝 发育,273,发育 指标 宝宝
274,哺乳妈妈可以吃牛血吗？,哺乳/n 妈妈/n 吃/v 牛血/n,哺乳 妈妈 吃 牛血,牛血 哺乳 妈妈,妈妈 哺乳 牛血,妈妈 牛血 哺乳,274,吃 妈妈 牛血 哺乳
275,哺乳妈妈可以吃牛留血吗？,哺乳/n 妈妈/n 吃/v 牛/n 留血/v,哺乳 妈妈 吃 牛 留血,留血 哺乳 妈妈,妈妈 哺乳 留血,妈妈 哺乳,275,吃 牛 妈妈 留血 哺乳
276,哺乳妈妈可以吃流血吗？,哺乳/n 妈妈/n 吃/v 流血/v,哺乳 妈妈 吃 流血,哺乳 流血 妈妈,妈妈 哺乳 流血,妈妈 流血 哺乳,276,吃 妈妈 流血 哺乳
277,宝宝童益生菌后三天拉肚子。,宝宝/nr 童/nr 益生菌/nr 三天/m 拉肚子/n,宝宝 童 益生菌 三天 拉肚子,益生菌 拉肚子 宝宝 三天,宝宝 拉肚子 益生菌 三天,益生菌 拉肚子 三天 宝宝,277,益生菌 三天 童 拉肚子 宝宝
278,多走路对孕妇有好处吗？,走路/n 孕妇/n 好处/d,走路 孕妇 好处,孕妇 走路 好处,孕妇 好处 走路,走路 孕妇 好处,278,孕妇 好处 走路
279,多运动对孕妇有好处吗？,运动/vn 孕妇/n 好处/d,运动 孕妇 好处,孕妇 好处 运动,孕妇 好处 运动,运动 孕妇 好处,279,孕妇 好处 运动
280,宝宝拉肚子怎么办？,宝宝/nr 拉肚子/n,宝宝 拉肚子,拉肚子 宝宝,宝宝 拉肚子,拉肚子 宝宝,280,拉肚子 宝宝
281,两周岁宝宝发烧怎么办？,两周岁/m 宝宝/nr 发烧/v,两周岁 宝宝 发烧,两周岁 发烧 宝宝,宝宝 发烧 两周岁,宝宝 发烧 两周岁,281,宝宝 发烧 两周岁
282,月子餐可以吃盐吗？,月子餐/x 吃盐/n,月子餐 吃盐,月子餐 吃盐,月子餐 吃盐,月子餐 吃盐,282,吃盐 月子餐
283,流血常母乳，妈妈可以吃吗？,流血/v 常/d 母乳/n 妈妈/n 吃/v,流血 常 母乳 妈妈 吃,母乳 流血 妈妈,母乳 妈妈 流血,母乳 流血 妈妈,283,母乳 妈妈 常 吃 流血
284,宝宝长牙齿可以用手摸。,宝宝/nr 长/a 牙齿/n 手摸/v,宝宝 长 牙齿 手摸,手摸 宝宝 牙齿,宝宝 牙齿 手摸,牙齿 宝宝 手摸,284,牙齿 长 手摸 宝宝
285,两周岁宝宝发烧怎么办？,两周岁/m 宝宝/nr 发烧/v,两周岁 宝宝 发烧,两周岁 发烧 宝宝,宝宝 发烧 两周岁,宝宝 发烧 两周岁,285,宝宝 发烧 两周岁
286,宝宝长牙齿可以用手摸摸。,宝宝/nr 长/a 牙齿/n 用/p 手/s 摸摸/v,宝宝 长 牙齿 用手 摸摸,摸摸 宝宝 牙齿 用手,宝宝 牙齿 摸摸 用手,牙齿 宝宝,286,牙齿 用手 长 摸摸 宝宝
287,产褥期有炎症。,产褥期/n 炎症/n,产褥期 炎症,产褥期 炎症,炎症 产褥期,炎症 产褥期,287,炎症 产褥期
288,两周岁九个月宝宝发烧吃了瑞芝清多长时间能退烧？,两周岁/m 九个月/x 宝宝/nr 发烧/v 吃/v 瑞芝/nrt 清/a 多长时间/n 退烧/v,两周岁 九个月 宝宝 发烧 吃 瑞芝清 多长时间 退烧,两周岁 九个月 瑞芝清 退烧 多长时间 发烧 宝宝,宝宝 发烧 多长时间 九个月 两周岁 退烧 瑞芝清,发烧 宝宝 九个月 多长时间,288,吃 发烧 瑞芝清 宝宝 多长时间 九个月 退烧 两周岁
289,月子餐可以吃盐吗？,月子餐/x 吃盐/n,月子餐 吃盐,月子餐 吃盐,月子餐 吃盐,月子餐 吃盐,289,吃盐 月子餐
290,流血常母乳，妈妈可以吃吗？,流血/v 常/d 母乳/n 妈妈/n 吃/v,流血 常 母乳 妈妈 吃,母乳 流血 妈妈,母乳 妈妈 流血,母乳 流血 妈妈,290,母乳 妈妈 常 吃 流血
291,月子餐可不可以只眼？,月子餐/x 可不可以/c 只眼/d,月子餐 可不可以 只眼,月子餐 只眼 可不可以,可不可以 月子餐 只眼,月子餐 可不可以 只眼,291,可不可以 只眼 月子餐
292,电子仓可不可以吃盐？,电子/n 仓/nr 可不可以/c 吃盐/n,电子 仓 可不可以 吃盐,吃盐 可不可以 电子,可不可以 吃盐 电子,可不可以 电子 吃盐,292,可不可以 仓 吃盐 电子
293,坐月子有炎症可以吃什么药？,坐月子/n 炎症/n 吃/v 药/n,坐月子 炎症 吃 药,坐月子 炎症,坐月子 炎症,炎症 坐月子,293,吃 炎症 药 坐月子
294,两周岁九个月的宝宝发烧到39度8三十八三十八度9，此谓之清。,两周岁/m 九个月/x 宝宝/nr 发烧/v 39/m 度/zg 8/x 三十八/m 三十八/m 度/zg 9/x 此谓/l 之/u 清/a,两周岁 九个月 宝宝 发烧 39 度 8 三十八 三十八 度 9 此谓 之清,三十八 两周岁 九个月 39 之清 此谓 发烧 宝宝,宝宝 发烧 九个月 两周岁 39 此谓 之清 三十八,宝宝 发烧 九个月 三十八,294,三十八 度 8 39 9 发烧 宝宝 此谓 九个月 之清 两周岁
295,母乳妈妈可以吃牛肉写吗？,母乳/n 妈妈/n 吃/v 牛肉/n 写/v,母乳 妈妈 吃 牛肉 写,母乳 牛肉 妈妈,母乳 妈妈 牛肉,妈妈 母乳 牛肉,295,吃 牛肉 妈妈 写 母乳
296,流入血能吃吗？,流入/v 血能/n 吃/v,流入 血能 吃,血能 流入,流入 血能,血能 流入,296,血能 吃 流入
297,白云山缓释牙痛添哺乳期能不能用？,白云山/nr 缓释/v 牙痛/n 添/v 哺乳期/n,白云山 缓释 牙痛 添 哺乳期,缓释 牙痛 哺乳期 白云山,哺乳期 缓释 白云山 牙痛,牙痛 缓释 白云山 哺乳期,297,牙痛 添 缓释 哺乳期 白云山
298,白云山缓释牙疼天能不哺乳期能不能用？,白云山/nr 缓释/v 牙疼/v 天能/n 哺乳期/n,白云山 缓释 牙疼 天能 哺乳期,天能 缓释 牙疼 哺乳期 白云山,哺乳期 缓释 白云山 天能 牙疼,牙疼 缓释 天能 白云山,298,牙疼 天能 缓释 哺乳期 白云山
299,怀孕几周可以做B超？能显示正常与不正常？,怀孕/v 几周/m B超/n 显示/v,怀孕 几周 B超 显示,B超 几周 怀孕 显示,怀孕 显示 几周,几周 B超 怀孕 显示,299,B超 几周 显示 怀孕
300,宝宝缺钙吃什么？,宝宝/nr 缺钙/n 吃/v,宝宝 缺钙 吃,缺钙 宝宝,宝宝 缺钙,缺钙 宝宝,300,缺钙 吃 宝宝
301,板栗能不能吃？,板栗/n 吃/v,板栗 吃,板栗,板栗,,301,吃 板栗
302,怀孕，荨麻疹怎么办？,怀孕/v 荨麻疹/n,怀孕 荨麻疹,荨麻疹 怀孕,怀孕 荨麻疹,荨麻疹 怀孕,302,荨麻疹 怀孕
303,润生荨麻疹怎么办？,润生/v 荨麻疹/n,润生 荨麻疹,润生 荨麻疹,荨麻疹 润生,荨麻疹 润生,303,荨麻疹 润生
304,孕妇能不能吃鸡胗？,孕妇/n 吃/v 鸡胗/x,孕妇 吃 鸡胗,鸡胗 孕妇,孕妇 鸡胗,鸡胗 孕妇,304,吃 鸡胗 孕妇
305,美赞臣的奶粉是不是很上火？,美赞臣/nr 奶粉/n 上火/v,美赞臣 奶粉 上火,美赞臣 上火 奶粉,奶粉 上火 美赞臣,美赞臣 奶粉 上火,305,奶粉 上火 美赞臣
306,怀孕13周加一天能不能吃多种维生素矿物质片？孕妇早期型。,怀孕/v 13/m 周加/nr 吃/v 多种/m 维生素/nr 矿物质/n 孕妇/n 早期/t 型/k,怀孕 13 周加 吃 多种 维生素 矿物质 孕妇 早期 型,13 周加 矿物质 孕妇 怀孕 维生素 早期 多种,怀孕 孕妇 多种 早期 矿物质 维生素 周加 13,矿物质 周加 多种 孕妇,306,维生素 多种 矿物质 吃 孕妇 周加 早期 13 型 怀孕
307,汤臣倍健多种维生素矿物质片，孕妇早期型汤臣倍健鱼油牛磺酸软胶囊dha能不能同时吃？,汤臣/nr 倍/m 健/a 多种/m 维生素/nr 矿物质/n 孕妇/n 早期/t 型/k 汤臣/nr 倍/m 健/a 鱼油/n 牛磺酸/n 软胶囊/n dha/x 吃/v,汤臣 倍 健 多种 维生素 矿物质 孕妇 早期 型 汤臣 倍 健 鱼油 牛磺酸 软胶囊 dha 吃,汤臣 软胶囊 牛磺酸 dha 鱼油 矿物质 孕妇 维生素 早期 多种,孕妇 矿物质 维生素 多种 早期 dha 鱼油 软胶囊 牛磺酸 汤臣,矿物质 软胶囊 牛磺酸 早期,307,倍 健 汤臣 多种 鱼油 型 维生素 牛磺酸 早期 矿物质 孕妇 软胶囊 dha 吃
308,宝宝拉粑粑总是幽默，是怎么回事儿啊？,宝宝/nr 拉/v 粑粑/x 幽默/a 回事儿/n,宝宝 拉 粑粑 幽默 回事儿,粑粑 回事儿 幽默 宝宝,宝宝 回事儿 粑粑 幽默,粑粑 幽默 回事儿 宝宝,308,粑粑 幽默 拉 回事儿 宝宝
309,宝宝发烧。,宝宝/nr 发烧/v,宝宝 发烧,发烧 宝宝,宝宝 发烧,宝宝 发烧,309,发烧 宝宝
310,宝宝拉粑粑总是幽默，是怎么回事儿呢？,宝宝/nr 拉/v 粑粑/x 幽默/a 回事儿/n,宝宝 拉 粑粑 幽默 回事儿,粑粑 回事儿 幽默 宝宝,宝宝 回事儿 粑粑 幽默,粑粑 幽默 回事儿 宝宝,310,粑粑 幽默 拉 回事儿 宝宝
311,宝宝拉粑粑总是幽默，是怎么回事儿啊？,宝宝/nr 拉/v 粑粑/x 幽默/a 回事儿/n,宝宝 拉 粑粑 幽默 回事儿,粑粑 回事儿 幽默 宝宝,宝宝 回事儿 粑粑 幽默,粑粑 幽默 回事儿 宝宝,311,粑粑 幽默 拉 回事儿 宝宝
312,宝宝发烧。,宝宝/nr 发烧/v,宝宝 发烧,发烧 宝宝,宝宝 发烧,宝宝 发烧,312,发烧 宝宝
313,宝宝拉粑粑总是幽默，是怎么回事儿呢？,宝宝/nr 拉/v 粑粑/x 幽默/a 回事儿/n,宝宝 拉 粑粑 幽默 回事儿,粑粑 回事儿 幽默 宝宝,宝宝 回事儿 粑粑 幽默,粑粑 幽默 回事儿 宝宝,313,粑粑 幽默 拉 回事儿 宝宝
314,宝宝11个月流清鼻涕。,宝宝/nr 11/m 月/m 流清/v 鼻涕/n,宝宝 11 月 流清 鼻涕,11 流清 鼻涕 宝宝,宝宝 鼻涕 11 流清,流清 11 鼻涕 宝宝,314,月 流清 11 鼻涕 宝宝
315,长疱疹怎么办？,长/a 疱疹/n,长 疱疹,疱疹,疱疹,,315,疱疹 长
316,两个月的小宝宝流鼻涕怎么办？,两个月/x 小宝宝/nr 流鼻涕/n,两个月 小宝宝 流鼻涕,两个月 小宝宝 流鼻涕,流鼻涕 两个月 小宝宝,流鼻涕 小宝宝 两个月,316,小宝宝 流鼻涕 两个月
317,三个月的宝宝拉粑粑总是有莫是怎么回事儿。,三个月/x 宝宝/nr 拉/v 粑粑/x 有/v 莫/d 是/v 回事儿/n,三个月 宝宝 拉 粑粑 有莫是 回事儿,粑粑 三个月 有莫是 回事儿 宝宝,宝宝 三个月 回事儿 粑粑 有莫是,宝宝 粑粑 三个月,317,粑粑 拉 有莫是 宝宝 回事儿 三个月
318,长疱疹怎么办？,长/a 疱疹/n,长 疱疹,疱疹,疱疹,,318,疱疹 长
319,11个月宝宝总是爱磨牙，是怎么回事啊？,11/m 月/m 宝宝/nr 爱/v 磨牙/n 怎么回事/l,11 月 宝宝 爱 磨牙 怎么回事,11 磨牙 宝宝 怎么回事,宝宝 怎么回事 11 磨牙,磨牙 宝宝 怎么回事 11,319,爱 宝宝 磨牙 月 怎么回事 11
320,小宝宝鼻子流鼻涕怎么办？,小宝宝/nr 鼻子/n 流鼻涕/n,小宝宝 鼻子 流鼻涕,小宝宝 流鼻涕 鼻子,流鼻涕 鼻子 小宝宝,鼻子 流鼻涕 小宝宝,320,鼻子 流鼻涕 小宝宝
321,鼻子里流鼻涕怎么办小宝宝。,鼻子/n 流鼻涕/n 小宝宝/nr,鼻子 流鼻涕 小宝宝,小宝宝 流鼻涕 鼻子,流鼻涕 鼻子 小宝宝,鼻子 流鼻涕 小宝宝,321,流鼻涕 小宝宝 鼻子
322,小宝宝鼻子流鼻涕。,小宝宝/nr 鼻子/n 流鼻涕/n,小宝宝 鼻子 流鼻涕,小宝宝 流鼻涕 鼻子,流鼻涕 鼻子 小宝宝,鼻子 流鼻涕 小宝宝,322,鼻子 流鼻涕 小宝宝
323,宝宝鼻子不通气可以洗澡吗？,宝宝/nr 鼻子/n 通气/n 洗澡/v,宝宝 鼻子 通气 洗澡,通气 洗澡 宝宝 鼻子,宝宝 鼻子 通气 洗澡,鼻子 通气 宝宝 洗澡,323,通气 鼻子 洗澡 宝宝
324,妊娠期糖尿病能喝安满奶粉吗？,妊娠期/t 糖尿病/n 喝/vg 安满/nr 奶粉/n,妊娠期 糖尿病 喝安满 奶粉,喝安满 奶粉 妊娠期 糖尿病,奶粉 糖尿病 喝安满 妊娠期,糖尿病 安满 妊娠期 奶粉,324,喝安满 糖尿病 奶粉 妊娠期
325,14个月的宝宝喝奶粉一次喝多少？,1/x 4个月/x 宝宝/nr 喝/vg 奶粉/n 喝/vg,1 4个月 宝宝 喝 奶粉 喝,4个月 奶粉 宝宝,宝宝 奶粉 4个月,宝宝 4个月 奶粉,325,喝 奶粉 宝宝 4个月 1
326,宝宝消化不良有什么症状？,宝宝/nr 消化不良/l 症状/n,宝宝 消化不良 症状,消化不良 宝宝 症状,宝宝 消化不良 症状,症状 消化不良 宝宝,326,消化不良 症状 宝宝
327,宝宝腹泻怎么办？,宝宝/nr 腹泻/v,宝宝 腹泻,腹泻 宝宝,宝宝 腹泻,腹泻 宝宝,327,腹泻 宝宝
328,嗯，手冢和脚肿该怎么办？,手/n 冢/ng 脚肿/x,手 冢 脚肿,脚肿,脚肿,,328,冢 脚肿 手
329,母乳在乳房里八个小时还可以喂宝宝吗？,母乳/n 乳房/n 八个/m 小时/n 宝宝/nr,母乳 乳房 八个 小时 宝宝,母乳 乳房 宝宝 八个 小时,宝宝 母乳 乳房 小时 八个,八个 小时 乳房 母乳,329,八个 小时 乳房 宝宝 母乳
330,白天上班八个小时没有喂奶，乳房里面的奶还可以吃吗？,白天/t 上班/v 八个/m 小时/n 喂奶/v 乳房/n 奶/zg 吃/v,白天 上班 八个 小时 喂奶 乳房 奶 吃,喂奶 乳房 八个 上班 白天 小时,乳房 小时 八个 白天 上班 喂奶,小时 八个 喂奶 上班,330,喂奶 小时 乳房 八个 奶 上班 吃 白天
331,心里早就和吃不吃西洋参有什么冠联吗？,早就/d 吃/v 不吃/v 西洋参/nr 冠联/nz,早就 吃 不吃 西洋参 冠联,冠联 西洋参 不吃 早就,不吃 冠联 西洋参 早就,不吃 西洋参 冠联 早就,331,不吃 西洋参 吃 冠联 早就
332,宝宝发烧。,宝宝/nr 发烧/v,宝宝 发烧,发烧 宝宝,宝宝 发烧,宝宝 发烧,332,发烧 宝宝
333,宝宝18个月晚上还吃奶粉吗？,宝宝/nr 1/x 8个月/x 晚上/t 吃/v 奶粉/n,宝宝 1 8个月 晚上 吃 奶粉,8个月 奶粉 宝宝 晚上,宝宝 奶粉 晚上 8个月,晚上 8个月 宝宝 奶粉,333,晚上 8个月 吃 1 奶粉 宝宝
334,宝宝18个月晚上还吃奶粉吗？,宝宝/nr 1/x 8个月/x 晚上/t 吃/v 奶粉/n,宝宝 1 8个月 晚上 吃 奶粉,8个月 奶粉 宝宝 晚上,宝宝 奶粉 晚上 8个月,晚上 8个月 宝宝 奶粉,334,晚上 8个月 吃 1 奶粉 宝宝
335,怀孕期间可不可以吃豫竹干吃面？,怀孕/v 期间/f 可不可以/c 吃/v 豫/j 竹/ng 干/v 吃/v 面/n,怀孕 期间 可不可以 吃豫竹 干吃面,吃豫竹 干吃面 可不可以 怀孕 期间,怀孕 期间 可不可以 吃豫竹 干吃面,期间 怀孕 可不可以,335,可不可以 吃豫竹 期间 干吃面 怀孕
336,宝宝消化不良有什么症状？,宝宝/nr 消化不良/l 症状/n,宝宝 消化不良 症状,消化不良 宝宝 症状,宝宝 消化不良 症状,症状 消化不良 宝宝,336,消化不良 症状 宝宝
337,孕妇可以吃菠萝吗？,孕妇/n 吃/v 菠萝/n,孕妇 吃 菠萝,菠萝 孕妇,孕妇 菠萝,菠萝 孕妇,337,吃 菠萝 孕妇
338,宝宝受凉了怎么办？,宝宝/nr 受凉/v,宝宝 受凉,受凉 宝宝,宝宝 受凉,宝宝 受凉,338,受凉 宝宝
339,宝宝消化不良怎么办？,宝宝/nr 消化不良/l,宝宝 消化不良,消化不良 宝宝,宝宝 消化不良,消化不良 宝宝,339,消化不良 宝宝
340,可以吃火龙果吗？,吃/v 火龙果/n,吃 火龙果,火龙果,火龙果,,340,火龙果 吃
341,吃火龙果有什么好处吗？,吃/v 火龙果/n 好处/d,吃 火龙果 好处,火龙果 好处,火龙果 好处,火龙果 好处,341,火龙果 好处 吃
342,宝宝消化不良要吃益生菌吗？,宝宝/nr 消化不良/l 吃/v 益生菌/nr,宝宝 消化不良 吃 益生菌,益生菌 消化不良 宝宝,宝宝 消化不良 益生菌,消化不良 益生菌 宝宝,342,吃 消化不良 益生菌 宝宝
343,新生儿肚脐结巴。,新生儿/n 肚脐/n 结巴/n,新生儿 肚脐 结巴,结巴 肚脐 新生儿,新生儿 肚脐 结巴,肚脐 结巴 新生儿,343,肚脐 结巴 新生儿
344,孕妈可以吃橘子吗？,孕妈/x 吃/v 橘子/n,孕妈 吃 橘子,孕妈 橘子,孕妈 橘子,橘子 孕妈,344,吃 橘子 孕妈
345,宝宝拉绿屎怎么办？,宝宝/nr 拉/v 绿屎/x,宝宝 拉 绿屎,绿屎 宝宝,宝宝 绿屎,绿屎 宝宝,345,拉 绿屎 宝宝
346,宝宝感冒怎么办？,宝宝/nr 感冒/v,宝宝 感冒,宝宝 感冒,宝宝 感冒,感冒 宝宝,346,感冒 宝宝
347,见红了就意味着要生了吗？,见红/x 意味着/v 要生/v,见红 意味着 要生,见红 要生 意味着,见红 意味着 要生,见红 要生 意味着,347,意味着 要生 见红
348,收工是什么感觉？,收工/n 感觉/n,收工 感觉,收工 感觉,感觉 收工,收工 感觉,348,感觉 收工
349,请问化验时有小小便有那个小便隐血，有三个家需要注意些什么？,请问/v 化验/n 时/ng 有/v 小小/b 便/d 小便/nr 隐血/v 三个/m 家/q 些/q,请问 化验 时有 小小 便 小便 隐血 三个 家 些,隐血 化验 小便 小小 时有 请问 三个,化验 小便 三个 隐血 请问 时有 小小,小便 请问 化验 隐血,349,小便 便 隐血 小小 三个 时有 家 化验 些 请问
350,收工是什么感觉？,收工/n 感觉/n,收工 感觉,收工 感觉,感觉 收工,收工 感觉,350,感觉 收工
351,胎动是什么感觉？,胎动/n 感觉/n,胎动 感觉,胎动 感觉,胎动 感觉,胎动 感觉,351,感觉 胎动
352,益生菌和妈咪爱有什么区别？,益生菌/nr 妈咪/n 爱/v 有/v 区别/n,益生菌 妈咪 爱有 区别,益生菌 爱有 妈咪 区别,益生菌 妈咪 区别 爱有,益生菌 妈咪,352,爱有 妈咪 区别 益生菌
353,化验小便时那个，而且有三个加那个需要注意什么？,化验/n 小便/nr 三个/m 加/v,化验 小便 三个 加,化验 小便 三个,化验 三个 小便,小便 化验 三个,353,三个 小便 加 化验
354,宝宝咳嗽怎么办？,宝宝/nr 咳嗽/v,宝宝 咳嗽,宝宝 咳嗽,宝宝 咳嗽,宝宝 咳嗽,354,咳嗽 宝宝
355,通气鼻贴。,通气/n 鼻贴/n,通气 鼻贴,鼻贴 通气,通气 鼻贴,鼻贴 通气,355,鼻贴 通气
356,老婆三个月了，肚子还不大。,老婆/n 三个月/x 肚子/n 不/d 大/a,老婆 三个月 肚子 不大,三个月 肚子 老婆,三个月 肚子 老婆 不大,肚子 老婆 三个月,356,肚子 三个月 不大 老婆
357,三个月了，肚子还不大。,三个月/x 肚子/n 不/d 大/a,三个月 肚子 不大,三个月 肚子,三个月 肚子 不大,肚子 三个月,357,肚子 不大 三个月
358,胎盘低置要怎么办？,胎盘低/x 置/v,胎盘低 置,胎盘低,胎盘低,,358,置 胎盘低
359,宫缩是什么样子？,宫缩/x 样子/n,宫缩 样子,宫缩 样子,样子 宫缩,样子 宫缩,359,样子 宫缩
360,孕妇可以喝姜茶吗？,孕妇/n 喝/vg 姜茶/nr,孕妇 喝 姜茶,姜茶 孕妇,孕妇 姜茶,孕妇 姜茶,360,喝 姜茶 孕妇
361,黄酮高。,黄酮/n 高/a,黄酮 高,黄酮,黄酮,,361,高 黄酮
362,胎盘低置要怎么办？,胎盘低/x 置/v,胎盘低 置,胎盘低,胎盘低,,362,置 胎盘低
363,孕妇可以喝奶茶吗？,孕妇/n 喝/vg 奶茶/n,孕妇 喝 奶茶,奶茶 孕妇,孕妇 奶茶,孕妇 奶茶,363,喝 奶茶 孕妇
364,宫缩是什么样子？,宫缩/x 样子/n,宫缩 样子,宫缩 样子,样子 宫缩,样子 宫缩,364,样子 宫缩
365,孕妇可以喝姜茶吗？,孕妇/n 喝/vg 姜茶/nr,孕妇 喝 姜茶,姜茶 孕妇,孕妇 姜茶,孕妇 姜茶,365,喝 姜茶 孕妇
366,黄酮高。,黄酮/n 高/a,黄酮 高,黄酮,黄酮,,366,高 黄酮
367,八个月了，肚子一跳一跳的是怎么回事？,八个月/x 肚子/n 一/m 跳/v 跳/v 怎么回事/l,八个月 肚子 一跳 跳 怎么回事,八个月 一跳 怎么回事 肚子,怎么回事 肚子 八个月 一跳,肚子 八个月,367,一跳 跳 肚子 怎么回事 八个月
368,去胎毒怎么吃什么好？,胎毒/n 吃/v 好/a,胎毒 吃 好,胎毒,胎毒,,368,吃 好 胎毒
369,去开毒吃什么比较好？,开毒/v 吃/v 好/a,开毒 吃 好,开毒,开毒,,369,吃 好 开毒
370,宝宝发烧多少度可以去看医生？,宝宝/nr 发烧/v 多少度/m 医生/n,宝宝 发烧 多少度 医生,多少度 发烧 宝宝 医生,宝宝 发烧 医生 多少度,多少度 发烧 宝宝 医生,370,多少度 发烧 医生 宝宝
371,哺乳期可以吃折耳根吗？,哺乳期/n 吃/v 折/v 耳根/n,哺乳期 吃 折 耳根,哺乳期 耳根,哺乳期 耳根,,371,折 吃 耳根 哺乳期
372,乳期可以吃折儿炒吗？,乳期/n 吃/v 折儿/n 炒/v,乳期 吃 折儿 炒,乳期 折儿,折儿 乳期,折儿 乳期,372,折儿 吃 炒 乳期
373,一个月以后婴儿喝什么奶好？,一个月/m 婴儿/n 喝/vg 奶/n 好/a,一个月 婴儿 喝 奶好,奶好 婴儿 一个月,婴儿 一个月 奶好,婴儿 一个月,373,喝 婴儿 奶好 一个月
374,宝妈产后虚弱怎么办？,宝妈/nr 产后/n 虚弱/a,宝妈 产后 虚弱,宝妈 产后 虚弱,产后 虚弱 宝妈,虚弱 宝妈 产后,374,产后 虚弱 宝妈
375,宝妈产后虚弱怎么办？,宝妈/nr 产后/n 虚弱/a,宝妈 产后 虚弱,宝妈 产后 虚弱,产后 虚弱 宝妈,虚弱 宝妈 产后,375,产后 虚弱 宝妈
376,产后虚弱怎么办？,产后/n 虚弱/a,产后 虚弱,产后 虚弱,产后 虚弱,虚弱 产后,376,虚弱 产后
377,怀孕期间乳房胀痛是什么原因？,怀孕/v 期间/f 乳房/n 胀痛/v 原因/n,怀孕 期间 乳房 胀痛 原因,胀痛 乳房 怀孕 期间 原因,怀孕 期间 原因 乳房 胀痛,乳房 胀痛 期间 原因,377,乳房 胀痛 期间 原因 怀孕
378,宫缩是怎么回事？,宫缩/x 怎么回事/l,宫缩 怎么回事,宫缩 怎么回事,怎么回事 宫缩,怎么回事 宫缩,378,怎么回事 宫缩
379,你说是怎么回事？,怎么回事/l,怎么回事,怎么回事,怎么回事,,379,怎么回事
380,宫缩是怎么？,宫缩/x,宫缩,宫缩,宫缩,,380,宫缩
381,怀孕期间乳房胀痛是什么原因？,怀孕/v 期间/f 乳房/n 胀痛/v 原因/n,怀孕 期间 乳房 胀痛 原因,胀痛 乳房 怀孕 期间 原因,怀孕 期间 原因 乳房 胀痛,乳房 胀痛 期间 原因,381,乳房 胀痛 期间 原因 怀孕
382,怀孕期间乳房胀痛是怎么回事？,怀孕/v 期间/f 乳房/n 胀痛/v 怎么回事/l,怀孕 期间 乳房 胀痛 怎么回事,胀痛 乳房 怀孕 怎么回事 期间,怀孕 怎么回事 期间 乳房 胀痛,乳房 胀痛 期间 怎么回事,382,乳房 胀痛 期间 怎么回事 怀孕
383,房有硬块怎么办？,房/n 有/v 硬块/n,房有 硬块,房有 硬块,硬块 房有,,383,硬块 房有
384,产妇能吃藕吗？,产妇/n 吃/v 藕/n,产妇 吃 藕,产妇,产妇,,384,吃 藕 产妇
385,我想问一下，宝宝刚出生八天了，一天24个小时，几乎20个小时都在睡觉，只有四个小时，就是吃奶的时间都是醒着。,想/v 问/n 宝宝/nr 刚出生/i 八天/t 24/m 小时/n 20/m 小时/n 睡觉/v 四个/m 小时/n 吃奶/n 时间/n 醒/v,想 问 宝宝 刚出生 八天 24 小时 20 小时 睡觉 四个 小时 吃奶 时间 醒,小时 24 20 刚出生 八天 吃奶 宝宝 睡觉 四个 时间,宝宝 睡觉 刚出生 四个 20 时间 吃奶 八天 24 小时,小时 八天 24 四个,385,小时 20 四个 睡觉 24 吃奶 八天 刚出生 宝宝 时间 问 醒 想
386,牛奶和豆腐能一起吃吗？,牛奶/n 豆腐/n 吃/v,牛奶 豆腐 吃,牛奶 豆腐,豆腐 牛奶,豆腐 牛奶,386,豆腐 吃 牛奶
387,小孩真常流口水，为什么呢？,小孩/n 真/d 常/d 流口水/n,小孩 真 常 流口水,流口水 小孩,小孩 流口水,,387,真常 流口水 小孩
388,月经来了的母乳有营养吗？,月经/n 母乳/n 营养/n,月经 母乳 营养,母乳 月经 营养,母乳 月经 营养,营养 母乳 月经,388,母乳 营养 月经
389,六个月婴儿可以吃。,六个月/m 婴儿/n 吃/v,六个月 婴儿 吃,六个月 婴儿,六个月 婴儿,婴儿 六个月,389,婴儿 吃 六个月
390,宝宝就认一双鞋，别的鞋不穿怎么办？,宝宝/nr 就/d 认/v 一双/m 鞋/n 鞋/n 穿/zg,宝宝 就认 一双 鞋 鞋 穿,就认 宝宝 一双,宝宝 一双 就认,,390,鞋 一双 就认 穿 宝宝
391,宝宝不吃米糊怎么办？,宝宝/nr 不吃/v 米糊/x,宝宝 不吃 米糊,米糊 宝宝 不吃,宝宝 不吃 米糊,米糊 宝宝 不吃,391,不吃 米糊 宝宝
392,小孩子为什么经常流口水？,小孩子/n 流口水/n,小孩子 流口水,流口水 小孩子,流口水 小孩子,流口水 小孩子,392,流口水 小孩子
393,小孩真常流口水，为什么呢？,小孩/n 真/d 常/d 流口水/n,小孩 真 常 流口水,流口水 小孩,小孩 流口水,,393,真常 流口水 小孩
394,月经来了的母乳有营养吗？,月经/n 母乳/n 营养/n,月经 母乳 营养,母乳 月经 营养,母乳 月经 营养,营养 母乳 月经,394,母乳 营养 月经
395,六个月婴儿可以吃。,六个月/m 婴儿/n 吃/v,六个月 婴儿 吃,六个月 婴儿,六个月 婴儿,婴儿 六个月,395,婴儿 吃 六个月
396,孩子快两岁了，还不会说话。,孩子/n 快/a 两岁/m 话/n,孩子 快 两岁 话,两岁 孩子,孩子 两岁,孩子 两岁,396,两岁 快 说话 孩子
397,宝宝就认一双鞋，别的鞋不穿怎么办？,宝宝/nr 就/d 认/v 一双/m 鞋/n 鞋/n 穿/zg,宝宝 就认 一双 鞋 鞋 穿,就认 宝宝 一双,宝宝 一双 就认,,397,鞋 一双 就认 穿 宝宝
398,宝宝喜欢爬怎么办？,宝宝/nr 喜欢/v 爬/v,宝宝 喜欢 爬,宝宝 喜欢,宝宝 喜欢,宝宝 喜欢,398,喜欢 爬 宝宝
399,宝宝不吃米糊怎么办？,宝宝/nr 不吃/v 米糊/x,宝宝 不吃 米糊,米糊 宝宝 不吃,宝宝 不吃 米糊,米糊 宝宝 不吃,399,不吃 米糊 宝宝
400,湿疹怎么办？,湿疹/n,湿疹,湿疹,湿疹,,400,湿疹
401,宝宝湿疹怎么办？,宝宝/nr 湿疹/n,宝宝 湿疹,湿疹 宝宝,宝宝 湿疹,湿疹 宝宝,401,湿疹 宝宝
402,唐氏症怎么办？,唐氏/x 症/zg,唐氏 症,唐氏,唐氏,,402,症 唐氏
403,宝宝消化不良有什么症状？,宝宝/nr 消化不良/l 症状/n,宝宝 消化不良 症状,消化不良 宝宝 症状,宝宝 消化不良 症状,症状 消化不良 宝宝,403,消化不良 症状 宝宝
404,小孩刚出生，不渴不饿却真的哭。,小孩/n 刚出生/i 不渴/v 饿/v 真的/d 哭/v,小孩 刚出生 不渴 饿 真的 哭,不渴 刚出生 小孩 真的,小孩 刚出生 不渴 真的,不渴 小孩 刚出生 真的,404,饿 不渴 真的 刚出生 哭 小孩
405,宝宝消化不良有什么症状？,宝宝/nr 消化不良/l 症状/n,宝宝 消化不良 症状,消化不良 宝宝 症状,宝宝 消化不良 症状,症状 消化不良 宝宝,405,消化不良 症状 宝宝
406,小孩刚出生，不渴不饿却真的哭。,小孩/n 刚出生/i 不渴/v 饿/v 真的/d 哭/v,小孩 刚出生 不渴 饿 真的 哭,不渴 刚出生 小孩 真的,小孩 刚出生 不渴 真的,不渴 小孩 刚出生 真的,406,饿 不渴 真的 刚出生 哭 小孩
407,孩子不渴不饿老哭是什么情况？是肠绞痛吗？,孩子/n 不渴/v 饿/v 老/a 哭/v 情况/n 肠绞痛/n,孩子 不渴 饿 老 哭 情况 肠绞痛,肠绞痛 不渴 孩子 情况,孩子 不渴 情况 肠绞痛,孩子 肠绞痛 不渴 情况,407,老 哭 饿 情况 不渴 肠绞痛 孩子
408,宝宝突然不喝牛奶怎么回事？,宝宝/nr 喝牛奶/v 怎么回事/l,宝宝 喝牛奶 怎么回事,喝牛奶 宝宝 怎么回事,宝宝 怎么回事 喝牛奶,怎么回事 宝宝 喝牛奶,408,喝牛奶 怎么回事 宝宝
409,孕妇四个月还能吃亚麻酸吗？,孕妇/n 四个月/x 吃/v 亚麻酸/n,孕妇 四个月 吃 亚麻酸,四个月 亚麻酸 孕妇,孕妇 四个月 亚麻酸,四个月 孕妇 亚麻酸,409,吃 四个月 亚麻酸 孕妇
410,四个月还能吃亚麻酸吗？,四个月/x 吃/v 亚麻酸/n,四个月 吃 亚麻酸,四个月 亚麻酸,四个月 亚麻酸,四个月 亚麻酸,410,吃 亚麻酸 四个月
411,产妇可以吃阉鸡吗？,产妇/n 吃/v 阉鸡/n,产妇 吃 阉鸡,阉鸡 产妇,产妇 阉鸡,阉鸡 产妇,411,吃 阉鸡 产妇
412,八个月宝宝一天睡几次觉是属于正常的。,八个月/x 宝宝/nr 睡/v 几次/m 觉是/v,八个月 宝宝 睡 几次 觉是,八个月 觉是 宝宝 几次,宝宝 几次 八个月 觉是,宝宝 几次 觉是 八个月,412,睡 几次 宝宝 觉是 八个月
413,发烧怎么办？,发烧/v,发烧,发烧,发烧,,413,发烧
414,宝宝鼻子里面不通气怎么办？,宝宝/nr 鼻子/n 通气/n,宝宝 鼻子 通气,通气 宝宝 鼻子,宝宝 鼻子 通气,鼻子 通气 宝宝,414,鼻子 通气 宝宝
415,宝宝鼻子里面有bb霜怎么？,宝宝/nr 鼻子/n bb/eng 霜/n,宝宝 鼻子 bb 霜,bb 宝宝 鼻子,宝宝 鼻子 bb,鼻子 宝宝,415,bb 鼻子 霜 宝宝
416,隔三四个小时可以吗？在吃药。,隔/v 三四个/m 小时/n 吃药/v,隔 三四个 小时 吃药,三四个 吃药 小时,小时 吃药 三四个,小时 吃药 三四个,416,小时 三四个 吃药 隔
417,宝宝吃完药后，时隔多长时间才能吃下一次药。,宝宝/nr 吃/v 完药/v 时隔/n 多长时间/n 才能/v 吃/v 药/n,宝宝 吃 完药 时隔 多长时间 才能 吃 药,完药 多长时间 时隔 宝宝 才能,宝宝 多长时间 才能 完药 时隔,完药 时隔 多长时间 才能,417,吃 才能 完药 多长时间 时隔 药 宝宝
418,宝宝吃完药，然后是哥多长时间才能吃下一次药。,宝宝/nr 吃/v 完药/v 哥/n 多长时间/n 才能/v 吃/v 药/n,宝宝 吃 完药 哥 多长时间 才能 吃 药,完药 多长时间 宝宝 才能,宝宝 多长时间 才能 完药,完药 多长时间 宝宝 才能,418,吃 才能 完药 多长时间 哥 药 宝宝
419,怀孕期间底下流褐色东西是怎么回事？怎么回事？,怀孕/v 期间/f 底下/f 流/n 褐色/n 东西/ns 怎么回事/l 怎么回事/l,怀孕 期间 底下 流 褐色 东西 怎么回事 怎么回事,怎么回事 褐色 怀孕 底下 期间 东西,怀孕 东西 期间 褐色 底下 怎么回事,怎么回事 底下 褐色 东西,419,怎么回事 东西 褐色 流 底下 期间 怀孕
420,怀孕三个月可以吃香菜吗？,怀孕/v 三个月/x 吃/v 香菜/n,怀孕 三个月 吃 香菜,三个月 香菜 怀孕,怀孕 三个月 香菜,三个月 怀孕 香菜,420,吃 三个月 香菜 怀孕
421,打包吃鸡蛋了，可以喝牛奶吗？,打包/v 吃/v 鸡蛋/n 喝牛奶/v,打包 吃 鸡蛋 喝牛奶,喝牛奶 打包 鸡蛋,鸡蛋 喝牛奶 打包,鸡蛋 打包 喝牛奶,421,鸡蛋 吃 喝牛奶 打包
422,宝宝七个月可以吃鸡蛋吗？,宝宝/nr 七个月/x 吃/v 鸡蛋/n,宝宝 七个月 吃 鸡蛋,七个月 宝宝 鸡蛋,宝宝 鸡蛋 七个月,七个月 宝宝 鸡蛋,422,吃 七个月 鸡蛋 宝宝
423,香菜可以吃吗？,香菜/n 吃/v,香菜 吃,香菜,香菜,,423,吃 香菜
424,怀孕三个月可以吃香菜吗？,怀孕/v 三个月/x 吃/v 香菜/n,怀孕 三个月 吃 香菜,三个月 香菜 怀孕,怀孕 三个月 香菜,三个月 怀孕 香菜,424,吃 三个月 香菜 怀孕
425,打包吃鸡蛋了，可以喝牛奶吗？,打包/v 吃/v 鸡蛋/n 喝牛奶/v,打包 吃 鸡蛋 喝牛奶,喝牛奶 打包 鸡蛋,鸡蛋 喝牛奶 打包,鸡蛋 打包 喝牛奶,425,鸡蛋 吃 喝牛奶 打包
426,宝宝七个月可以吃鸡蛋吗？,宝宝/nr 七个月/x 吃/v 鸡蛋/n,宝宝 七个月 吃 鸡蛋,七个月 宝宝 鸡蛋,宝宝 鸡蛋 七个月,七个月 宝宝 鸡蛋,426,吃 七个月 鸡蛋 宝宝
427,铝可以下奶吗？,铝/n 下奶/n,铝 下奶,下奶,下奶,,427,下奶 铝
428,香菜可以吃吗？,香菜/n 吃/v,香菜 吃,香菜,香菜,,428,吃 香菜
429,宝宝发育指标。,宝宝/nr 发育/vn 指标/n,宝宝 发育 指标,宝宝 发育 指标,宝宝 发育 指标,指标 宝宝 发育,429,发育 指标 宝宝
430,他吐奶。,他/r 吐/v 奶/n,他吐奶,他吐奶,他吐奶,,430,他吐奶
431,剖腹产刀疤。,剖腹产/n 刀疤/n,剖腹产 刀疤,刀疤 剖腹产,剖腹产 刀疤,剖腹产 刀疤,431,刀疤 剖腹产
432,五个月宝宝拉肚子应该吃什么药？,五个月/x 宝宝/nr 拉肚子/n 吃/v 药/n,五个月 宝宝 拉肚子 吃 药,五个月 拉肚子 宝宝,宝宝 五个月 拉肚子,拉肚子 宝宝 五个月,432,拉肚子 吃 宝宝 药 五个月
433,五个月宝宝拉肚子，吃妈咪爱还是吃思密达好。,五个月/x 宝宝/nr 拉肚子/n 吃/v 妈咪/n 爱/v 吃/v 思密达/nr 好/a,五个月 宝宝 拉肚子 吃 妈咪 爱 吃 思密达 好,五个月 思密达 妈咪 拉肚子 宝宝,宝宝 五个月 拉肚子 妈咪 思密达,拉肚子 宝宝 五个月 妈咪,433,吃 爱 妈咪 拉肚子 思密达 宝宝 好 五个月
434,宝宝消化不良有什么症状？,宝宝/nr 消化不良/l 症状/n,宝宝 消化不良 症状,消化不良 宝宝 症状,宝宝 消化不良 症状,症状 消化不良 宝宝,434,消化不良 症状 宝宝
435,宝宝吐奶怎么办？,宝宝/nr 吐奶/n,宝宝 吐奶,吐奶 宝宝,宝宝 吐奶,宝宝 吐奶,435,吐奶 宝宝
436,可不可以吃无花果？,可不可以/c 吃/v 无花果/i,可不可以 吃 无花果,可不可以 无花果,可不可以 无花果,无花果 可不可以,436,吃 无花果 可不可以
437,新生儿洗衣服可以用洗衣粉吗？,新生儿/n 洗衣服/n 洗衣粉/n,新生儿 洗衣服 洗衣粉,洗衣粉 洗衣服 新生儿,新生儿 洗衣粉 洗衣服,洗衣粉 洗衣服 新生儿,437,洗衣服 洗衣粉 新生儿
438,哦，那就是还有能不能吃冰淇淋喽？,吃/v 冰淇淋/nr 喽/zg,吃 冰淇淋 喽,冰淇淋,冰淇淋,,438,冰淇淋 喽 吃
439,我儿子九个月抽了几次。,儿子/n 九个月/x 抽/v 几次/m,儿子 九个月 抽 几次,九个月 几次 儿子,几次 九个月 儿子,九个月 儿子 几次,439,抽 九个月 几次 儿子
440,宝宝现在25天还有点黄疸，可以吃鲫鱼汤跟胡萝卜汤之类的东西吗？,宝宝/nr 25/m 天/q 黄疸/n 吃/v 鲫鱼汤/n 胡萝卜/nr 汤/n 东西/ns,宝宝 25 天 黄疸 吃 鲫鱼汤 胡萝卜 汤 东西,鲫鱼汤 25 黄疸 胡萝卜 宝宝 东西,宝宝 东西 黄疸 25 胡萝卜 鲫鱼汤,25 胡萝卜 黄疸 鲫鱼汤,440,吃 鲫鱼汤 黄疸 胡萝卜 天 汤 25 东西 宝宝
441,嗯，宝宝现在25天还有点黄疸，可以去地狱跟胡萝卜汤之类的吧？,宝宝/nr 25/m 天/q 黄疸/n 地狱/n 胡萝卜/nr 汤/n,宝宝 25 天 黄疸 地狱 胡萝卜 汤,25 黄疸 胡萝卜 地狱 宝宝,宝宝 黄疸 25 胡萝卜 地狱,黄疸 25 胡萝卜 地狱,441,黄疸 地狱 天 胡萝卜 25 汤 宝宝
442,怀孕能不能吃甘蔗？,怀孕/v 吃/v 甘蔗/n,怀孕 吃 甘蔗,怀孕 甘蔗,怀孕 甘蔗,甘蔗 怀孕,442,吃 甘蔗 怀孕
443,我儿子九个月抽了几次。,儿子/n 九个月/x 抽/v 几次/m,儿子 九个月 抽 几次,九个月 几次 儿子,几次 九个月 儿子,九个月 儿子 几次,443,抽 九个月 几次 儿子
444,宝宝脸上长湿疹跟妈妈饮食有关系吗？,宝宝/nr 脸上/s 长/a 湿疹/n 妈妈/n 饮食/n 系/v,宝宝 脸上 长 湿疹 妈妈 饮食 系,湿疹 宝宝 饮食 妈妈 脸上,宝宝 妈妈 湿疹 脸上 饮食,湿疹 脸上 饮食 妈妈,444,湿疹 妈妈 长 饮食 脸上 系 宝宝
445,宝宝现在25天还有点黄疸，可以吃鲫鱼汤跟胡萝卜汤之类的东西吗？,宝宝/nr 25/m 天/q 黄疸/n 吃/v 鲫鱼汤/n 胡萝卜/nr 汤/n 东西/ns,宝宝 25 天 黄疸 吃 鲫鱼汤 胡萝卜 汤 东西,鲫鱼汤 25 黄疸 胡萝卜 宝宝 东西,宝宝 东西 黄疸 25 胡萝卜 鲫鱼汤,25 胡萝卜 黄疸 鲫鱼汤,445,吃 鲫鱼汤 黄疸 胡萝卜 天 汤 25 东西 宝宝
446,宝宝发育指标。,宝宝/nr 发育/vn 指标/n,宝宝 发育 指标,宝宝 发育 指标,宝宝 发育 指标,指标 宝宝 发育,446,发育 指标 宝宝
447,嗯，宝宝现在25天还有点黄疸，可以去地狱跟胡萝卜汤之类的吧？,宝宝/nr 25/m 天/q 黄疸/n 地狱/n 胡萝卜/nr 汤/n,宝宝 25 天 黄疸 地狱 胡萝卜 汤,25 黄疸 胡萝卜 地狱 宝宝,宝宝 黄疸 25 胡萝卜 地狱,黄疸 25 胡萝卜 地狱,447,黄疸 地狱 天 胡萝卜 25 汤 宝宝
448,三个月宝宝厌奶一般要多长时间？,三个月/x 宝宝/nr 厌奶/x 多长时间/n,三个月 宝宝 厌奶 多长时间,三个月 厌奶 多长时间 宝宝,宝宝 三个月 多长时间 厌奶,宝宝 厌奶 多长时间 三个月,448,厌奶 宝宝 多长时间 三个月
449,宝宝腹泻便便怎么分辨？,宝宝/nr 腹泻/v 便便/x 分辨/v,宝宝 腹泻 便便 分辨,便便 腹泻 分辨 宝宝,宝宝 腹泻 便便 分辨,腹泻 便便 宝宝 分辨,449,便便 腹泻 分辨 宝宝
450,宝宝能不能吃西瓜？,宝宝/nr 吃/v 西瓜/ns,宝宝 吃 西瓜,西瓜 宝宝,宝宝 西瓜,西瓜 宝宝,450,吃 西瓜 宝宝
451,宝宝左肾分离，嗯，尿道扩张怎么办？,宝宝/nr 左/m 肾/zg 分离/v 尿道/n 扩张/v,宝宝 左 肾 分离 尿道 扩张,尿道 宝宝 分离 扩张,宝宝 分离 扩张 尿道,扩张 尿道 分离,451,分离 肾 尿道 左 扩张 宝宝
452,三个月宝宝厌奶怎么办？,三个月/x 宝宝/nr 厌奶/x,三个月 宝宝 厌奶,三个月 厌奶 宝宝,宝宝 三个月 厌奶,宝宝 厌奶 三个月,452,宝宝 厌奶 三个月
453,哺乳期能吃维c和维一吗？影响宝宝吗？,哺乳期/n 能/v 吃/v 维/v c/x 维一/nz 影响/vn 宝宝/nr,哺乳期 能吃维 c 维一 影响 宝宝,能吃维 维一 哺乳期 宝宝 影响,宝宝 哺乳期 影响 维一 能吃维,维一 影响 宝宝,453,维一 c 影响 能吃维 宝宝 哺乳期
454,五个月宝宝嗯腹泻拉的是水，还有奶抱。,五个月/x 宝宝/nr 腹泻/v 拉/v 水/n 奶抱/n,五个月 宝宝 腹泻 拉 水 奶抱,五个月 奶抱 腹泻 宝宝,宝宝 五个月 腹泻 奶抱,腹泻 宝宝 五个月,454,拉 腹泻 水 宝宝 奶抱 五个月
455,唐筛检查需要空腹吗？,唐筛/x 检查/vn 空腹/n,唐筛 检查 空腹,唐筛 空腹 检查,唐筛 检查 空腹,空腹 检查 唐筛,455,检查 空腹 唐筛
456,宝宝两个月之后每月涨多少正常？,宝宝/nr 两个月/x 每月/r 涨/v,宝宝 两个月 每月 涨,两个月 宝宝 每月,宝宝 两个月 每月,宝宝 两个月,456,每月 两个月 涨 宝宝
457,宝宝腹泻便便怎么分辨？,宝宝/nr 腹泻/v 便便/x 分辨/v,宝宝 腹泻 便便 分辨,便便 腹泻 分辨 宝宝,宝宝 腹泻 便便 分辨,腹泻 便便 宝宝 分辨,457,便便 腹泻 分辨 宝宝
458,先生，新生儿四个月可以补钙。,新生儿/n 四个月/x 补钙/n,新生儿 四个月 补钙,四个月 补钙 新生儿,四个月 新生儿 补钙,补钙 新生儿 四个月,458,四个月 补钙 新生儿
459,发烧怎么办？,发烧/v,发烧,发烧,发烧,,459,发烧
460,宝宝两个月之后每月涨多少正常？,宝宝/nr 两个月/x 每月/r 涨/v,宝宝 两个月 每月 涨,两个月 宝宝 每月,宝宝 两个月 每月,宝宝 两个月,460,每月 两个月 涨 宝宝
461,坐月子感冒了，可以吃感冒药吗？,坐月子/n 感冒/v 吃/v 感冒药/n,坐月子 感冒 吃 感冒药,感冒药 坐月子 感冒,感冒 坐月子 感冒药,感冒 感冒药 坐月子,461,吃 感冒 感冒药 坐月子
462,嗯，四个月的孩子需要补钙还和其他的吗？,四个月/x 孩子/n 补钙/n,四个月 孩子 补钙,四个月 补钙 孩子,孩子 四个月 补钙,补钙 孩子 四个月,462,孩子 补钙 四个月
463,孕期有痰。,孕期/t 痰/n,孕期 痰,孕期,孕期,,463,痰 孕期
464,三个月宝宝厌奶，我想问一下一般需要多长时间呀？奶过程。,三个月/x 宝宝/nr 厌奶/x 想/v 问/n 多长时间/n 奶/zg 过程/n,三个月 宝宝 厌奶 想 问 多长时间 奶 过程,三个月 厌奶 多长时间 宝宝 过程,宝宝 三个月 多长时间 厌奶 过程,宝宝 过程 厌奶 多长时间,464,问 想 多长时间 厌奶 奶 宝宝 过程 三个月
465,宝宝需要枕头吗？,宝宝/nr 枕头/n,宝宝 枕头,枕头 宝宝,宝宝 枕头,枕头 宝宝,465,枕头 宝宝
466,发烧怎么办？,发烧/v,发烧,发烧,发烧,,466,发烧
467,五个月宝宝拉肚子怎么办？,五个月/x 宝宝/nr 拉肚子/n,五个月 宝宝 拉肚子,五个月 拉肚子 宝宝,宝宝 五个月 拉肚子,拉肚子 宝宝 五个月,467,宝宝 拉肚子 五个月
468,新生儿需用枕头吗？,新生儿/n 需用/v 枕头/n,新生儿 需用 枕头,需用 新生儿 枕头,新生儿 枕头 需用,需用 枕头 新生儿,468,需用 枕头 新生儿
469,宝宝三个月厌奶症。,宝宝/nr 三个月/x 厌奶/x 症/zg,宝宝 三个月 厌奶 症,三个月 厌奶 宝宝,宝宝 三个月 厌奶,宝宝 厌奶 三个月,469,厌奶 三个月 症 宝宝
470,止咳化痰。,止咳/v 化痰/v,止咳 化痰,止咳 化痰,化痰 止咳,止咳 化痰,470,化痰 止咳
471,什么是流感？,流感/n,流感,流感,流感,,471,流感
472,流感的症状。,流感/n 症状/n,流感 症状,流感 症状,症状 流感,症状 流感,472,症状 流感
473,怎么知道是流感？流感有什么症状？,流感/n 流感/n 症状/n,流感 流感 症状,流感 症状,症状 流感,流感 症状,473,流感 症状
474,孕中期感冒鼻子不舒服怎么办？,孕中期/x 感冒/v 鼻子/n 舒服/a,孕中期 感冒 鼻子 舒服,孕中期 感冒 舒服 鼻子,感冒 鼻子 孕中期 舒服,鼻子 感冒 舒服 孕中期,474,鼻子 感冒 舒服 孕中期
475,如何区分普通版帽和流感？,区分/n 版帽/n 流感/n,区分 版帽 流感,版帽 流感 区分,流感 区分 版帽,版帽 流感 区分,475,版帽 流感 区分
476,如何区分流感与普通感冒？,区分/n 流感/n 感冒/v,区分 流感 感冒,感冒 流感 区分,感冒 流感 区分,流感 感冒 区分,476,流感 感冒 区分
477,怀孕中期感冒怎么办？,怀孕/v 中期/t 感冒/v,怀孕 中期 感冒,感冒 怀孕 中期,怀孕 感冒 中期,感冒 怀孕 中期,477,中期 感冒 怀孕
478,宝宝吃什么补铁？,宝宝/nr 吃/v 补铁/n,宝宝 吃 补铁,补铁 宝宝,宝宝 补铁,补铁 宝宝,478,吃 补铁 宝宝
479,孩子的脸被太阳晒伤了怎么办？,孩子/n 脸/n 太阳/ns 晒伤/x,孩子 脸 太阳 晒伤,晒伤 太阳 孩子,孩子 晒伤 太阳,太阳 孩子 晒伤,479,太阳 脸 晒伤 孩子
480,娃娃的脸晒伤了怎么办？,娃娃/n 脸/n 晒伤/x,娃娃 脸 晒伤,晒伤 娃娃,晒伤 娃娃,晒伤 娃娃,480,脸 晒伤 娃娃
481,为什么没有听到胎心活动？,听到/v 胎心/n 活动/vn,听到 胎心 活动,胎心 听到 活动,听到 胎心 活动,胎心 活动 听到,481,胎心 活动 听到
482,脸部晒伤了怎么办？,脸部/n 晒伤/x,脸部 晒伤,晒伤 脸部,晒伤 脸部,脸部 晒伤,482,晒伤 脸部
483,孩子的脸被太阳晒伤了怎么办？,孩子/n 脸/n 太阳/ns 晒伤/x,孩子 脸 太阳 晒伤,晒伤 太阳 孩子,孩子 晒伤 太阳,太阳 孩子 晒伤,483,太阳 脸 晒伤 孩子
484,娃娃的脸晒伤了怎么办？,娃娃/n 脸/n 晒伤/x,娃娃 脸 晒伤,晒伤 娃娃,晒伤 娃娃,晒伤 娃娃,484,脸 晒伤 娃娃
485,腰很痛是什么原因？,腰/n 痛/a 原因/n,腰 痛 原因,原因,原因,,485,痛 原因 腰
486,为什么没有听到胎心活动？,听到/v 胎心/n 活动/vn,听到 胎心 活动,胎心 听到 活动,听到 胎心 活动,胎心 活动 听到,486,胎心 活动 听到
487,为什么做B超没有，听到脉搏？,B超/n 听到/v 脉搏/n,B超 听到 脉搏,B超 脉搏 听到,听到 脉搏,脉搏 听到 B超,487,听到 脉搏 B超
488,我说今天做B超，孕囊大小看到了还没有听到胎心。,B超/n 孕囊/x 大小/b 听到/v 胎心/n,B超 孕囊 大小 听到 胎心,B超 孕囊 胎心 听到 大小,听到 胎心 孕囊 大小,大小 孕囊 听到 胎心,488,大小 听到 孕囊 胎心 B超
489,定了运能看到了，为什么还没有看的太心？,定/v 运能/v 太心/n,定 运能 太心,太心 运能,太心 运能,运能 太心,489,运能 太心 定
490,哺乳期怎么减肥瘦身呀？吃什么产品？推荐给瘦身。,哺乳期/n 减肥/v 瘦身/n 吃/v 产品/n 推荐/v 瘦身/n,哺乳期 减肥 瘦身 吃 产品 推荐 瘦身,瘦身 哺乳期 减肥 推荐 产品,哺乳期 推荐 产品 减肥 瘦身,瘦身 产品 哺乳期 减肥,490,瘦身 推荐 吃 产品 减肥 哺乳期
491,纯母乳六个月的宝宝可以吃米粉吗？,纯/a 母乳/n 六个月/m 宝宝/nr 吃/v 米粉/nr,纯 母乳 六个月 宝宝 吃 米粉,米粉 母乳 六个月 宝宝,宝宝 母乳 六个月 米粉,宝宝 母乳 六个月 米粉,491,宝宝 六个月 吃 母乳 米粉 纯
492,纯母乳六个月的宝宝可以吃饼干吗？,纯/a 母乳/n 六个月/m 宝宝/nr 吃/v 饼干/n,纯 母乳 六个月 宝宝 吃 饼干,母乳 饼干 六个月 宝宝,宝宝 母乳 六个月 饼干,宝宝 母乳 六个月 饼干,492,宝宝 六个月 吃 母乳 饼干 纯
493,六个月的宝宝可以吃饼干吗？,六个月/m 宝宝/nr 吃/v 饼干/n,六个月 宝宝 吃 饼干,饼干 六个月 宝宝,宝宝 六个月 饼干,宝宝 饼干 六个月,493,吃 宝宝 饼干 六个月
494,纯母乳可以喂饼干儿吗？,纯/a 母乳/n 饼干/n 儿/n,纯 母乳 饼干 儿,母乳 饼干,母乳 饼干,饼干 母乳,494,饼干 母乳 儿 纯
495,宝玉豆腐能吃。,宝玉/nr 豆腐/n 吃/v,宝玉 豆腐 吃,豆腐 宝玉,豆腐 宝玉,豆腐 宝玉,495,豆腐 吃 宝玉
496,宝宝老是在打嗝。,宝宝/nr 老/a 是/v 打嗝/v,宝宝 老是 打嗝,打嗝 老是 宝宝,宝宝 老是 打嗝,,496,老是 打嗝 宝宝
497,五个月可以吃什么？,五个月/x 吃/v,五个月 吃,五个月,五个月,,497,吃 五个月
498,六个月可以吃水果吗？,六个月/m 吃水果/n,六个月 吃水果,吃水果 六个月,六个月 吃水果,吃水果 六个月,498,吃水果 六个月
499,怀孕能吃保胎药吗？,怀孕/v 吃/v 保胎药/x,怀孕 吃 保胎药,保胎药 怀孕,怀孕 保胎药,怀孕 保胎药,499,吃 保胎药 怀孕
500,六个月可不可以吃饼干？,六个月/m 可不可以/c 吃/v 饼干/n,六个月 可不可以 吃 饼干,可不可以 饼干 六个月,六个月 可不可以 饼干,可不可以 饼干 六个月,500,吃 可不可以 饼干 六个月
501,六个月可以补时吗？,六个月/m 补时/n,六个月 补时,补时 六个月,六个月 补时,补时 六个月,501,补时 六个月
502,一岁半的小婴儿可以吃辣。,一岁/m 半/m 婴儿/n 吃/v 辣/n,一岁 半 婴儿 吃 辣,一岁 婴儿,婴儿 一岁,婴儿 一岁,502,婴儿 吃 半 辣 一岁
503,吃得多消化不良，腹泻。,吃/v 消化不良/l 腹泻/v,吃 消化不良 腹泻,消化不良 腹泻,消化不良 腹泻,腹泻 消化不良,503,消化不良 腹泻 吃
504,小孩拉肚子，又吐又够怎么办？,小孩/n 拉肚子/n 吐/v 够/zg,小孩 拉肚子 吐 够,拉肚子 小孩,小孩 拉肚子,拉肚子 小孩,504,吐 拉肚子 够 小孩
505,宝宝快六个月了，大喊大叫。,宝宝/nr 快/a 六个月/m 大喊大叫/i,宝宝 快 六个月 大喊大叫,大喊大叫 六个月 宝宝,宝宝 六个月 大喊大叫,六个月 宝宝 大喊大叫,505,六个月 快 大喊大叫 宝宝
506,有什么方法是可以不用药，使宝宝流鼻涕有好转。,方法/n 用药/n 使/v 宝宝/nr 流鼻涕/n 好转/v,方法 用药 使 宝宝 流鼻涕 好转,流鼻涕 用药 宝宝 好转 方法,宝宝 流鼻涕 方法 好转 用药,宝宝 用药 流鼻涕 好转,506,宝宝 使 流鼻涕 用药 好转 方法
507,吃得多消化不良，腹泻。,吃/v 消化不良/l 腹泻/v,吃 消化不良 腹泻,消化不良 腹泻,消化不良 腹泻,腹泻 消化不良,507,消化不良 腹泻 吃
508,小孩拉肚子，又吐又够怎么办？,小孩/n 拉肚子/n 吐/v 够/zg,小孩 拉肚子 吐 够,拉肚子 小孩,小孩 拉肚子,拉肚子 小孩,508,吐 拉肚子 够 小孩
509,宝宝快六个月了，大喊大叫。,宝宝/nr 快/a 六个月/m 大喊大叫/i,宝宝 快 六个月 大喊大叫,大喊大叫 六个月 宝宝,宝宝 六个月 大喊大叫,六个月 宝宝 大喊大叫,509,六个月 快 大喊大叫 宝宝
510,有什么方法是可以不用药，使宝宝流鼻涕有好转。,方法/n 用药/n 使/v 宝宝/nr 流鼻涕/n 好转/v,方法 用药 使 宝宝 流鼻涕 好转,流鼻涕 用药 宝宝 好转 方法,宝宝 流鼻涕 方法 好转 用药,宝宝 用药 流鼻涕 好转,510,宝宝 使 流鼻涕 用药 好转 方法
511,还有什么方法可以不用，要是宝宝流鼻涕好转。,方法/n 不用/v 宝宝/nr 流鼻涕/n 好转/v,方法 不用 宝宝 流鼻涕 好转,流鼻涕 宝宝 好转 不用 方法,宝宝 流鼻涕 方法 不用 好转,宝宝 流鼻涕 不用 方法,511,宝宝 流鼻涕 不用 好转 方法
512,什么是高危筛查？,高/a 危/n 筛查/vn,高危 筛查,筛查 高危,筛查 高危,,512,筛查 高危
513,你理解错了，我问什么是高危筛查？,理解/v 错/v 问/n 高/a 危/n 筛查/vn,理解 错 问 高危 筛查,筛查 高危 理解,筛查 高危 理解,,513,问 高危 错 筛查 理解
514,宝宝流鼻涕不好怎么办？,宝宝/nr 流鼻涕/n 不好/d,宝宝 流鼻涕 不好,流鼻涕 宝宝 不好,宝宝 流鼻涕 不好,流鼻涕 宝宝 不好,514,流鼻涕 不好 宝宝
515,宝宝流鼻涕一直不好怎么办？,宝宝/nr 流鼻涕/n 不好/d,宝宝 流鼻涕 不好,流鼻涕 宝宝 不好,宝宝 流鼻涕 不好,流鼻涕 宝宝 不好,515,流鼻涕 不好 宝宝
516,什么是高危筛查？,高/a 危/n 筛查/vn,高危 筛查,筛查 高危,筛查 高危,,516,筛查 高危
517,高危筛查是指的什么？,高/a 危/n 筛查/vn 指/n,高危 筛查 指,筛查 高危,筛查 高危,,517,筛查 指 高危
518,怀孕30周，胎儿双顶颈84毫米正常吗？,怀孕/v 30/m 周/nr 胎儿/n 双顶颈/x 84/m 毫米/q,怀孕 30 周 胎儿 双顶颈 84 毫米,30 双顶颈 84 胎儿 怀孕 毫米,怀孕 30 胎儿 双顶颈 84 毫米,胎儿 双顶颈 84 30,518,胎儿 双顶颈 周 84 30 毫米 怀孕
519,五个月的宝宝可以吃水果吗？可以吃什么水果？,五个月/x 宝宝/nr 吃水果/n 吃/v 水果/n,五个月 宝宝 吃水果 吃 水果,五个月 吃水果 宝宝 水果,宝宝 五个月 吃水果 水果,吃水果 宝宝 五个月 水果,519,吃水果 吃 宝宝 水果 五个月
520,五个月的宝宝可以吃什么辅食？,五个月/x 宝宝/nr 吃/v 辅食/x,五个月 宝宝 吃 辅食,五个月 辅食 宝宝,宝宝 五个月 辅食,宝宝 辅食 五个月,520,吃 宝宝 辅食 五个月
521,十个月宝宝可以吃虾吗？,十个月/m 宝宝/nr 吃/v 虾/n,十个月 宝宝 吃 虾,十个月 宝宝,宝宝 十个月,宝宝 十个月,521,吃 宝宝 虾 十个月
522,宝宝五个月可以吃什么辅食？,宝宝/nr 五个月/x 吃/v 辅食/x,宝宝 五个月 吃 辅食,五个月 辅食 宝宝,宝宝 五个月 辅食,五个月 宝宝 辅食,522,吃 五个月 辅食 宝宝
523,宝宝可以吃虾吗？十个月。,宝宝/nr 吃/v 虾/n 十个月/m,宝宝 吃 虾 十个月,十个月 宝宝,宝宝 十个月,,523,虾 吃 十个月 宝宝
524,什么是方颅？,方颅/x,方颅,方颅,方颅,,524,方颅
525,宝宝有点方颅。,宝宝/nr 方颅/x,宝宝 方颅,方颅 宝宝,宝宝 方颅,方颅 宝宝,525,方颅 宝宝
526,那新生儿咳嗽了有鼻涕怎么办？,新生儿/n 咳嗽/v 鼻涕/n,新生儿 咳嗽 鼻涕,鼻涕 新生儿 咳嗽,咳嗽 新生儿 鼻涕,鼻涕 新生儿 咳嗽,526,咳嗽 鼻涕 新生儿
527,吃不吃洋葱是蔬菜。,吃/v 不吃/v 洋葱/n 蔬菜/n,吃 不吃 洋葱 蔬菜,洋葱 不吃 蔬菜,蔬菜 不吃 洋葱,蔬菜 洋葱 不吃,527,洋葱 不吃 蔬菜 吃
528,八个月宝宝生病。,八个月/x 宝宝/nr 生病/n,八个月 宝宝 生病,八个月 生病 宝宝,宝宝 八个月 生病,生病 宝宝 八个月,528,宝宝 生病 八个月
529,不爱吃辅食怎么办？,不/d 爱/v 吃/v 辅食/x,不爱 吃 辅食,辅食 不爱,辅食 不爱,,529,吃 辅食 不爱
530,一个月宝宝有点咳嗽，鼻涕鼻涕，怎么弄出来啊？,一个月/m 宝宝/nr 咳嗽/v 鼻涕/n 鼻涕/n 怎么弄/l,一个月 宝宝 咳嗽 鼻涕 鼻涕 怎么弄,鼻涕 怎么弄 宝宝 咳嗽 一个月,宝宝 咳嗽 一个月 怎么弄 鼻涕,鼻涕 咳嗽 宝宝 一个月,530,鼻涕 咳嗽 宝宝 怎么弄 一个月
531,十个月的宝宝不爱吃辅食怎么办？,十个月/m 宝宝/nr 不/d 爱/v 吃/v 辅食/x,十个月 宝宝 不爱 吃 辅食,辅食 十个月 不爱 宝宝,宝宝 辅食 不爱 十个月,宝宝 十个月,531,不爱 吃 宝宝 辅食 十个月
532,宝宝多久可以吃辅食？,宝宝/nr 多久/m 吃/v 辅食/x,宝宝 多久 吃 辅食,辅食 宝宝 多久,宝宝 辅食 多久,多久 宝宝 辅食,532,吃 多久 辅食 宝宝
533,宝宝睡觉不踏实是怎么情况？,宝宝/nr 睡觉/v 踏实/a 情况/n,宝宝 睡觉 踏实 情况,踏实 宝宝 睡觉 情况,宝宝 睡觉 情况 踏实,踏实 睡觉 宝宝 情况,533,踏实 睡觉 情况 宝宝
534,宝宝最近睡觉不踏实。,宝宝/nr 睡觉/v 踏实/a,宝宝 睡觉 踏实,踏实 宝宝 睡觉,宝宝 睡觉 踏实,踏实 睡觉 宝宝,534,睡觉 踏实 宝宝
535,怀孕初期手机可不可以玩又没事。,怀孕/v 初期/t 手机/n 可不可以/c 玩/v 没事/v,怀孕 初期 手机 可不可以 玩 没事,可不可以 没事 怀孕 初期 手机,怀孕 可不可以 初期 手机 没事,可不可以 手机 初期 怀孕,535,可不可以 手机 玩 初期 没事 怀孕
536,能不能吃咸菜？,吃/v 咸菜/n,吃 咸菜,咸菜,咸菜,,536,咸菜 吃
537,打完预防针发烧了，用什么退烧药？,完/v 预防针/n 发烧/v 退烧药/n,完 预防针 发烧 退烧药,退烧药 预防针 发烧,发烧 预防针 退烧药,预防针 退烧药 发烧,537,发烧 预防针 退烧药 打完
538,拿水少怎么按摩呢？,拿/v 水/n 少/a 按摩/v,拿水少 按摩,拿水少 按摩,按摩 拿水少,,538,按摩 拿水少
539,宝宝打嗝需要处理吗？,宝宝/nr 打嗝/v,宝宝 打嗝,打嗝 宝宝,宝宝 打嗝,打嗝 宝宝,539,打嗝 宝宝
540,宝宝打嗝怎么办？,宝宝/nr 打嗝/v,宝宝 打嗝,打嗝 宝宝,宝宝 打嗝,打嗝 宝宝,540,打嗝 宝宝
541,怀孕早期检查说，医生说孕早期怎么办？,怀/v 孕早期/nz 检查/vn 医生/n 孕早期/nz,怀 孕早期 检查 医生 孕早期,孕早期 医生 检查,检查 医生 孕早期,孕早期 检查 医生,541,孕早期 医生 检查 怀
542,孕早期偏左侧。,孕早期/nz 偏/a 左侧/f,孕早期 偏 左侧,孕早期 左侧,孕早期 左侧,左侧 孕早期,542,偏 左侧 孕早期
543,怀孕初期检查B超，说偏左侧怎么回事？,怀孕/v 初期/t 检查/vn B超/n 偏/a 左侧/f 怎么回事/l,怀孕 初期 检查 B超 偏 左侧 怎么回事,B超 左侧 怀孕 怎么回事 初期 检查,怀孕 怎么回事 检查 初期 左侧,B超 检查 初期 左侧,543,B超 偏 检查 左侧 初期 怎么回事 怀孕
544,怀孕初期手机可不可以玩又没事。,怀孕/v 初期/t 手机/n 可不可以/c 玩/v 没事/v,怀孕 初期 手机 可不可以 玩 没事,可不可以 没事 怀孕 初期 手机,怀孕 可不可以 初期 手机 没事,可不可以 手机 初期 怀孕,544,可不可以 手机 玩 初期 没事 怀孕
545,孕期可以玩手机吗？,孕期/t 玩/v 手机/n,孕期 玩 手机,孕期 手机,孕期 手机,手机 孕期,545,玩 手机 孕期
546,能不能吃咸菜？,吃/v 咸菜/n,吃 咸菜,咸菜,咸菜,,546,咸菜 吃
547,打完预防针发烧了，用什么退烧药？,完/v 预防针/n 发烧/v 退烧药/n,完 预防针 发烧 退烧药,退烧药 预防针 发烧,发烧 预防针 退烧药,预防针 退烧药 发烧,547,发烧 预防针 退烧药 打完
548,奶水少怎么办？按摩才能让奶水多。,奶水/n 少/a 按摩/v 才能/v 奶水/n,奶水 少 按摩 才能 奶水,奶水 按摩 才能,才能 按摩 奶水,按摩 奶水 才能,548,才能 按摩 少 奶水
549,拿水少怎么按摩呢？,拿/v 水/n 少/a 按摩/v,拿水少 按摩,拿水少 按摩,按摩 拿水少,,549,按摩 拿水少
550,剖腹产奶水少怎么办？,剖腹产/n 奶水/n 少/a,剖腹产 奶水 少,剖腹产 奶水,剖腹产 奶水,奶水 剖腹产,550,奶水 少 剖腹产
551,怎么样让奶水多？,奶水/n,奶水,奶水,奶水,,551,奶水
552,宝宝今天总共大便几次？,宝宝/nr 总共/b 便/d 几次/m,宝宝 总共 便 几次,宝宝 总共 几次,宝宝 几次 总共,总共 宝宝 几次,552,大便 总共 几次 宝宝
553,宝宝为什么老饿？,宝宝/nr 老饿/n,宝宝 老饿,老饿 宝宝,宝宝 老饿,老饿 宝宝,553,老饿 宝宝
554,宝宝今天总共大便几次？,宝宝/nr 总共/b 便/d 几次/m,宝宝 总共 便 几次,宝宝 总共 几次,宝宝 几次 总共,总共 宝宝 几次,554,大便 总共 几次 宝宝
555,爸爸为什么老饿？,爸爸/n 老饿/n,爸爸 老饿,老饿 爸爸,老饿 爸爸,老饿 爸爸,555,老饿 爸爸
556,宝宝胃绞痛吃益生菌吗？,宝宝/nr 胃/n 绞痛/n 吃/v 益生菌/nr,宝宝 胃 绞痛 吃 益生菌,益生菌 绞痛 宝宝,宝宝 益生菌 绞痛,绞痛 宝宝 益生菌,556,绞痛 吃 胃 益生菌 宝宝
557,为什么宝宝老是肚子饿？,宝宝/nr 老/a 是/v 肚子饿/n,宝宝 老是 肚子饿,肚子饿 老是 宝宝,宝宝 老是 肚子饿,,557,老是 肚子饿 宝宝
558,为什么宝宝为什么会老饿？,宝宝/nr 老/a 饿/v,宝宝 老 饿,宝宝,宝宝,,558,老 饿 宝宝
559,宝宝为什么会老饿？,宝宝/nr 老/a 饿/v,宝宝 老 饿,宝宝,宝宝,,559,老 饿 宝宝
560,宝宝为什么会饿？,宝宝/nr 饿/v,宝宝 饿,宝宝,宝宝,,560,饿 宝宝
561,为什么宝宝会饿？,宝宝会/x 饿/v,宝宝会 饿,宝宝会,宝宝会,,561,饿 宝宝会
562,能不能吃感冒药？,吃/v 感冒药/n,吃 感冒药,感冒药,感冒药,,562,感冒药 吃
563,为什么宝宝会饿？,宝宝会/x 饿/v,宝宝会 饿,宝宝会,宝宝会,,563,饿 宝宝会
564,30周的早产儿在保温箱呆了40天，回来怎么老是睡觉不怎么吃东西是怎么回事？,30/m 周/nr 早产儿/n 保温箱/n 呆/v 40/m 天/q 回来/v 老/a 是/v 睡觉/v 不怎么/l 吃/v 东西/ns 怎么回事/l,30 周 早产儿 保温箱 呆 40 天 回来 老是 睡觉 不怎么 吃 东西 怎么回事,保温箱 30 40 早产儿 老是 不怎么 怎么回事 睡觉 回来 东西,怎么回事 老是 东西 睡觉 30 回来 40 不怎么 保温箱 早产儿,东西 不怎么 早产儿 40,564,回来 天 老是 40 睡觉 呆 不怎么 保温箱 吃 早产儿 东西 周 怎么回事 30
565,宝宝的发育指标。,宝宝/nr 发育/vn 指标/n,宝宝 发育 指标,宝宝 发育 指标,宝宝 发育 指标,指标 宝宝 发育,565,发育 指标 宝宝
566,宝宝发育。,宝宝/nr 发育/vn,宝宝 发育,宝宝 发育,宝宝 发育,宝宝 发育,566,发育 宝宝
567,现在能感觉到胎动吗？,感觉/n 胎动/n,感觉 胎动,胎动 感觉,胎动 感觉,胎动 感觉,567,胎动 感觉
568,产妇感冒了，能为小孩来吗？,产妇/n 感冒/v 能/v 为/p 小孩/n,产妇 感冒 能为 小孩,产妇 能为 感冒 小孩,感冒 小孩 产妇 能为,感冒 产妇,568,能为 感冒 小孩 产妇
569,现在能感觉到胎动吗？,感觉/n 胎动/n,感觉 胎动,胎动 感觉,胎动 感觉,胎动 感觉,569,胎动 感觉
570,急性乳腺炎好。,急性/n 乳腺炎/n 好/a,急性 乳腺炎 好,乳腺炎 急性,急性 乳腺炎,急性 乳腺炎,570,乳腺炎 好 急性
571,头两天都有孕期反应，为什么今天没有了呢？,头/n 两天/m 孕期/t,头 两天 孕期,孕期 两天,孕期 两天,孕期 两天,571,两天 孕期 头
572,宝宝喉咙有痰怎么办？,宝宝/nr 喉咙/n 痰/n,宝宝 喉咙 痰,喉咙 宝宝,宝宝 喉咙,宝宝 喉咙,572,喉咙 痰 宝宝
573,宝宝腿短。,宝宝/nr 腿短/n,宝宝 腿短,腿短 宝宝,宝宝 腿短,腿短 宝宝,573,腿短 宝宝
574,四个月宝宝能不能用擦脸的护肤品？,四个月/x 宝宝/nr 擦/v 脸/n 护肤品/n,四个月 宝宝 擦 脸 护肤品,四个月 护肤品 宝宝,宝宝 四个月 护肤品,宝宝 四个月,574,擦 脸 宝宝 护肤品 四个月
575,孕晚期吃什么贫血好啊？,孕晚期/t 吃/v 贫血/n 好/a,孕晚期 吃 贫血 好,孕晚期 贫血,孕晚期 贫血,贫血 孕晚期,575,贫血 吃 好 孕晚期
576,分娩要注意什么？,分娩/v,分娩,分娩,分娩,,576,分娩
577,宝宝腿短。,宝宝/nr 腿短/n,宝宝 腿短,腿短 宝宝,宝宝 腿短,腿短 宝宝,577,腿短 宝宝
578,四个月宝宝能不能用擦脸的护肤品？,四个月/x 宝宝/nr 擦/v 脸/n 护肤品/n,四个月 宝宝 擦 脸 护肤品,四个月 护肤品 宝宝,宝宝 四个月 护肤品,宝宝 四个月,578,擦 脸 宝宝 护肤品 四个月
579,剖腹产七天，这刀口的伤疤怎么处理？,剖腹产/n 七天/t 刀口/n 伤疤/n,剖腹产 七天 刀口 伤疤,剖腹产 刀口 伤疤 七天,剖腹产 七天 刀口 伤疤,刀口 七天 剖腹产 伤疤,579,刀口 七天 伤疤 剖腹产
580,孕晚期吃什么贫血好啊？,孕晚期/t 吃/v 贫血/n 好/a,孕晚期 吃 贫血 好,孕晚期 贫血,孕晚期 贫血,贫血 孕晚期,580,贫血 吃 好 孕晚期
581,明晚期听写吃什么好？,明/a 晚期/t 听写/v 吃/v 好/a,明 晚期 听写 吃 好,听写 晚期,听写 晚期,晚期 听写,581,听写 吃 晚期 好 明
582,孕期四贫血吃什么好啊？,孕期/t 贫血/n 吃/v 好/a,孕期 贫血 吃 好,孕期 贫血,孕期 贫血,贫血 孕期,582,吃 贫血 好 孕期
583,宝宝的耳朵连着脸。,宝宝/nr 耳朵/n 脸/n,宝宝 耳朵 脸,宝宝 耳朵,宝宝 耳朵,耳朵 宝宝,583,连着 耳朵 脸 宝宝
584,宝宝的耳朵怎么是连着的？,宝宝/nr 耳朵/n,宝宝 耳朵,宝宝 耳朵,宝宝 耳朵,耳朵 宝宝,584,耳朵 连着 宝宝
585,小孩肚子硬是怎么回事啊？,小孩/n 肚子/n 硬是/d 怎么回事/l,小孩 肚子 硬是 怎么回事,硬是 怎么回事 小孩 肚子,怎么回事 小孩 肚子 硬是,肚子 硬是 小孩 怎么回事,585,硬是 肚子 怎么回事 小孩
586,宝宝眼睛你红色的泪水是什么？,宝宝/nr 眼睛/n 红色/n 泪水/n,宝宝 眼睛 红色 泪水,宝宝 泪水 红色 眼睛,宝宝 眼睛 红色 泪水,红色 眼睛 宝宝 泪水,586,红色 眼睛 泪水 宝宝
587,宝宝流黄色的眼睛水是什么？,宝宝/nr 流/n 黄色/n 眼睛/n 水/n 是/v,宝宝 流 黄色 眼睛 水是,水是 宝宝 黄色 眼睛,宝宝 眼睛 黄色 水是,黄色 宝宝 眼睛,587,黄色 眼睛 流 水是 宝宝
588,宝宝，你黄色的眼睛水是什么东西？,宝宝/nr 黄色/n 眼睛/n 水/n 是/v 东西/ns,宝宝 黄色 眼睛 水是 东西,水是 宝宝 黄色 眼睛 东西,宝宝 东西 眼睛 黄色 水是,黄色 眼睛 宝宝,588,眼睛 水是 黄色 东西 宝宝
589,宝宝眼睛你红色的泪水是什么？,宝宝/nr 眼睛/n 红色/n 泪水/n,宝宝 眼睛 红色 泪水,宝宝 泪水 红色 眼睛,宝宝 眼睛 红色 泪水,红色 眼睛 宝宝 泪水,589,红色 眼睛 泪水 宝宝
590,宝宝眼睛里流黄色的眼睛水是什么？,宝宝/nr 眼睛/n 里/f 流/v 黄色/n 眼睛/n 水/n 是/v,宝宝 眼睛 里流 黄色 眼睛 水是,里流 水是 眼睛 宝宝 黄色,宝宝 黄色 水是 里流 眼睛,眼睛 黄色 宝宝,590,眼睛 黄色 里流 水是 宝宝
591,宝宝流黄色的眼镜水是什么东西？,宝宝/nr 流/n 黄色/n 眼镜/n 水/n 是/v 东西/ns,宝宝 流 黄色 眼镜 水是 东西,水是 眼镜 宝宝 黄色 东西,宝宝 东西 黄色 水是 眼镜,黄色 宝宝 眼镜,591,眼镜 黄色 水是 流 东西 宝宝
592,宝宝流黄色的眼睛水是什么？,宝宝/nr 流/n 黄色/n 眼睛/n 水/n 是/v,宝宝 流 黄色 眼睛 水是,水是 宝宝 黄色 眼睛,宝宝 眼睛 黄色 水是,黄色 宝宝 眼睛,592,黄色 眼睛 流 水是 宝宝
593,宝宝，你黄色的眼睛水是什么东西？,宝宝/nr 黄色/n 眼睛/n 水/n 是/v 东西/ns,宝宝 黄色 眼睛 水是 东西,水是 宝宝 黄色 眼睛 东西,宝宝 东西 眼睛 黄色 水是,黄色 眼睛 宝宝,593,眼睛 水是 黄色 东西 宝宝
594,宝宝眼睛流黄色的是是什么？,宝宝/nr 眼睛/n 流/n 黄色/n,宝宝 眼睛 流 黄色,宝宝 黄色 眼睛,宝宝 眼睛 黄色,眼睛 黄色 宝宝,594,流 眼睛 黄色 宝宝
595,我现在感冒咳嗽，能不能喝点萝卜汤啊？,感冒/v 咳嗽/v 喝/vg 点/q 萝卜汤/n,感冒 咳嗽 喝点 萝卜汤,萝卜汤 喝点 感冒 咳嗽,感冒 咳嗽 喝点 萝卜汤,感冒 咳嗽,595,喝点 咳嗽 萝卜汤 感冒
596,大便化验最长不超过多长时？,便/d 化验/n 最长/a 超过/v 多长/n,便 化验 最长 超过 多长,化验 多长 最长 超过,化验 多长 最长 超过,超过 最长 化验 多长,596,最长 超过 化验 多长 大便
597,羊水破了是什么感觉？,羊水/n 破/v 感觉/n,羊水 破 感觉,羊水 感觉,感觉 羊水,羊水 感觉,597,破 感觉 羊水
598,孕妇感冒了怎么办？,孕妇/n 感冒/v,孕妇 感冒,孕妇 感冒,孕妇 感冒,感冒 孕妇,598,感冒 孕妇
599,百合莲子银耳粥能不能喝？,百合/n 莲子/n 银耳/nr 粥/n 喝/vg,百合 莲子 银耳 粥 喝,银耳 莲子 百合,百合 莲子 银耳,银耳 莲子 百合,599,银耳 粥 莲子 喝 百合
600,宝宝吃了点氟怎么办？,宝宝/nr 吃/v 点/m 氟/nz,宝宝 吃 点 氟,宝宝,宝宝,,600,点 吃 氟 宝宝
601,宝宝吃完了也不睡觉怎么办？,宝宝/nr 吃/v 完/v 睡觉/v,宝宝 吃 完 睡觉,宝宝 睡觉,宝宝 睡觉,,601,完 吃 睡觉 宝宝
602,宝宝在妈妈肚子里头屁股脚分别在哪学位？,宝宝/nr 妈妈/n 肚子/n 里头/f 屁股/n 脚/n 学位/n,宝宝 妈妈 肚子 里头 屁股 脚 学位,学位 宝宝 屁股 里头 肚子 妈妈,宝宝 妈妈 肚子 屁股 学位 里头,肚子 屁股 里头 妈妈,602,里头 屁股 肚子 脚 妈妈 学位 宝宝
603,怎么看唐筛结果？,唐筛/x,唐筛,唐筛,唐筛,,603,唐筛
604,宝宝吃完了也不睡觉怎么办？,宝宝/nr 吃/v 完/v 睡觉/v,宝宝 吃 完 睡觉,宝宝 睡觉,宝宝 睡觉,,604,完 吃 睡觉 宝宝
605,孩子不睡觉怎么办？,孩子/n 睡觉/v,孩子 睡觉,睡觉 孩子,睡觉 孩子,睡觉 孩子,605,睡觉 孩子
606,宝宝在妈妈肚子里头屁股脚分别在哪学位？,宝宝/nr 妈妈/n 肚子/n 里头/f 屁股/n 脚/n 学位/n,宝宝 妈妈 肚子 里头 屁股 脚 学位,学位 宝宝 屁股 里头 肚子 妈妈,宝宝 妈妈 肚子 屁股 学位 里头,肚子 屁股 里头 妈妈,606,里头 屁股 肚子 脚 妈妈 学位 宝宝
607,怎么看唐筛结果？,唐筛/x,唐筛,唐筛,唐筛,,607,唐筛
608,怎么数胎动啊？,数/n 胎动/n,数 胎动,胎动,胎动,,608,胎动 数
609,怎么数胎动？,数/n 胎动/n,数 胎动,胎动,胎动,,609,胎动 数
610,宝宝今天总共大便几次？,宝宝/nr 总共/b 便/d 几次/m,宝宝 总共 便 几次,宝宝 总共 几次,宝宝 几次 总共,总共 宝宝 几次,610,大便 总共 几次 宝宝
611,哺乳期牙痛怎么办？,哺乳期/n 牙痛/n,哺乳期 牙痛,牙痛 哺乳期,哺乳期 牙痛,牙痛 哺乳期,611,牙痛 哺乳期
612,宝宝便秘怎么办？,宝宝/nr 便秘/a,宝宝 便秘,便秘 宝宝,宝宝 便秘,宝宝 便秘,612,便秘 宝宝
613,思维彩超什么时候做最好？,思维/n 彩超/j,思维 彩超,彩超 思维,思维 彩超,思维 彩超,613,彩超 思维
614,要怎样保持睡姿？,睡姿/n,睡姿,睡姿,睡姿,,614,睡姿
615,我应该怎样睡觉？,睡觉/v,睡觉,睡觉,睡觉,,615,睡觉
616,我应该怎样睡觉？,睡觉/v,睡觉,睡觉,睡觉,,616,睡觉
617,怀孕高血压怎么办？,怀孕/v 高血压/n,怀孕 高血压,高血压 怀孕,怀孕 高血压,高血压 怀孕,617,高血压 怀孕
618,可不可以吃韩国烤肉？,可不可以/c 吃/v 韩国/ns 烤肉/n,可不可以 吃 韩国 烤肉,烤肉 可不可以 韩国,可不可以 烤肉 韩国,韩国 可不可以 烤肉,618,韩国 吃 烤肉 可不可以
619,我的睡姿不对怎么办？,睡姿/n,睡姿,睡姿,睡姿,,619,不对 睡姿
620,坐月子能不能吃香菜？,坐月子/n 吃/v 香菜/n,坐月子 吃 香菜,香菜 坐月子,香菜 坐月子,香菜 坐月子,620,吃 香菜 坐月子
621,正确的睡姿是怎样的？,正确/ad 睡姿/n,正确 睡姿,睡姿 正确,睡姿 正确,,621,睡姿 正确
622,六个月宝宝口腔炎怎么办？,六个月/m 宝宝/nr 口腔炎/n,六个月 宝宝 口腔炎,口腔炎 六个月 宝宝,宝宝 六个月 口腔炎,宝宝 口腔炎 六个月,622,宝宝 口腔炎 六个月
623,六个月宝宝口腔炎怎么办？,六个月/m 宝宝/nr 口腔炎/n,六个月 宝宝 口腔炎,口腔炎 六个月 宝宝,宝宝 六个月 口腔炎,宝宝 口腔炎 六个月,623,宝宝 口腔炎 六个月
624,宫缩是什么样子？,宫缩/x 样子/n,宫缩 样子,宫缩 样子,样子 宫缩,样子 宫缩,624,样子 宫缩
625,六个月宝宝口腔炎反复。,六个月/m 宝宝/nr 口腔炎/n 反复/v,六个月 宝宝 口腔炎 反复,口腔炎 六个月 宝宝 反复,宝宝 六个月 口腔炎 反复,宝宝 口腔炎 六个月 反复,625,口腔炎 宝宝 反复 六个月
626,睡姿怎样睡才是正确的？,睡姿/n 睡/v 正确/ad,睡姿 睡 正确,睡姿 正确,睡姿 正确,,626,睡 正确 睡姿
627,最近和味精会导致胎儿畸形吗？,味精/n 导致/v 胎儿/n 畸形/n,味精 导致 胎儿 畸形,味精 畸形 胎儿 导致,胎儿 畸形 味精 导致,胎儿 导致 畸形 味精,627,胎儿 导致 畸形 味精
628,能不能吃西瓜？,吃/v 西瓜/ns,吃 西瓜,西瓜,西瓜,,628,西瓜 吃
629,怀孕了过后不能吃鸡精和味精，不然会影响宝宝变成畸形吗？,怀孕/v 过后/t 吃/v 鸡精/n 味精/n 影响/vn 宝宝/nr 畸形/n,怀孕 过后 吃 鸡精 味精 影响 宝宝 畸形,鸡精 味精 畸形 宝宝 怀孕 过后 影响,宝宝 怀孕 畸形 影响 味精 过后 鸡精,影响 鸡精 味精 宝宝,629,味精 鸡精 影响 吃 宝宝 过后 畸形 怀孕
630,怎样的睡姿是正确的？,睡姿/n 正确/ad,睡姿 正确,睡姿 正确,睡姿 正确,,630,正确 睡姿
631,怀孕睡姿。,怀孕/v 睡姿/n,怀孕 睡姿,睡姿 怀孕,怀孕 睡姿,睡姿 怀孕,631,睡姿 怀孕
632,上医院都准备哪些东西？,医院/n 东西/ns,医院 东西,医院 东西,东西 医院,医院 东西,632,东西 医院
633,上医院生宝宝都准备哪些东西？,医院/n 生/vn 宝宝/nr 东西/ns,医院 生 宝宝 东西,宝宝 医院 东西,宝宝 东西 医院,宝宝 医院 东西,633,宝宝 生 东西 医院
634,章鱼小丸子能吃么？,章鱼/nr 小丸子/nr 吃/v,章鱼 小丸子 吃,小丸子 章鱼,章鱼 小丸子,章鱼 小丸子,634,小丸子 吃 章鱼
635,章鱼小丸子能吃么？,章鱼/nr 小丸子/nr 吃/v,章鱼 小丸子 吃,小丸子 章鱼,章鱼 小丸子,章鱼 小丸子,635,小丸子 吃 章鱼
636,宝宝红屁股用什么药膏比较好？,宝宝/nr 红屁股/x 药膏/n 好/a,宝宝 红屁股 药膏 好,红屁股 药膏 宝宝,宝宝 药膏 红屁股,药膏 红屁股 宝宝,636,药膏 红屁股 好 宝宝
637,四维指标。,四维/m 指标/n,四维 指标,四维 指标,指标 四维,指标 四维,637,指标 四维
638,能不能吃辣椒？,吃/v 辣椒/n,吃 辣椒,辣椒,辣椒,,638,辣椒 吃
639,女宝宝屁股上长了小红疙瘩。,宝宝/nr 屁股/n 上长/v 小红/nr 疙瘩/n,宝宝 屁股 上长 小红 疙瘩,上长 小红 疙瘩 宝宝 屁股,宝宝 屁股 疙瘩 上长 小红,上长 屁股 小红 疙瘩,639,上长 小红 屁股 疙瘩 宝宝
640,宝宝红屁屁怎么办？,宝宝/nr 红屁屁/x,宝宝 红屁屁,红屁屁 宝宝,宝宝 红屁屁,红屁屁 宝宝,640,红屁屁 宝宝
641,宝宝屁股上长小疙瘩。,宝宝/nr 屁股/n 上长/v 疙瘩/n,宝宝 屁股 上长 疙瘩,上长 疙瘩 宝宝 屁股,宝宝 屁股 疙瘩 上长,屁股 上长 疙瘩 宝宝,641,上长 屁股 疙瘩 宝宝
642,宝宝红屁屁怎么办？,宝宝/nr 红屁屁/x,宝宝 红屁屁,红屁屁 宝宝,宝宝 红屁屁,红屁屁 宝宝,642,红屁屁 宝宝
643,怀孕期间用怎么坐姿？,怀孕/v 期间/f 坐姿/n,怀孕 期间 坐姿,坐姿 怀孕 期间,怀孕 期间 坐姿,期间 怀孕 坐姿,643,期间 坐姿 怀孕
644,女宝宝屁股上长小红疙瘩是什么原因？,宝宝/nr 屁股/n 上长/v 小红/nr 疙瘩/n 原因/n,宝宝 屁股 上长 小红 疙瘩 原因,上长 小红 疙瘩 宝宝 屁股 原因,宝宝 原因 屁股 疙瘩 上长 小红,小红 上长 屁股 疙瘩,644,小红 上长 疙瘩 屁股 原因 宝宝
645,女宝宝屁股上长了小红疙瘩。,宝宝/nr 屁股/n 上长/v 小红/nr 疙瘩/n,宝宝 屁股 上长 小红 疙瘩,上长 小红 疙瘩 宝宝 屁股,宝宝 屁股 疙瘩 上长 小红,上长 屁股 小红 疙瘩,645,上长 小红 屁股 疙瘩 宝宝
646,打胎了应该要注意什么？,打胎/v,打胎,打胎,打胎,,646,打胎
647,想知道一般软黄囊会在怀孕多少天出现？,想/v 软/a 黄囊/nr 会/v 怀孕/v 天/q,想 软 黄囊会 怀孕 天,黄囊会 怀孕,怀孕 黄囊会,黄囊 怀孕,647,黄囊会 怀孕 软 天 想
648,怀孕五个月胎动多正常吗？,怀孕/v 五个月/x 胎动/n,怀孕 五个月 胎动,五个月 胎动 怀孕,怀孕 胎动 五个月,胎动 怀孕 五个月,648,五个月 胎动 怀孕
649,可以吃火龙果吗？,吃/v 火龙果/n,吃 火龙果,火龙果,火龙果,,649,火龙果 吃
650,宝贝要一岁了，为什么还没长牙？,宝贝/nr 一岁/m 没/v 长牙/ns,宝贝 一岁 没 长牙,长牙 一岁 宝贝,一岁 长牙 宝贝,一岁 宝贝 长牙,650,没 一岁 长牙 宝贝
651,断奶怎么断？,断奶/n 断/v,断奶 断,断奶,断奶,,651,断 断奶
652,怀孕可以吃刀豆吗？,怀孕/v 吃/v 刀豆/n,怀孕 吃 刀豆,刀豆 怀孕,怀孕 刀豆,怀孕 刀豆,652,吃 刀豆 怀孕
653,胎动多胎动频繁正常。,胎动/n 胎动/n 频繁/a,胎动 胎动 频繁,胎动 频繁,频繁 胎动,胎动 频繁,653,胎动 频繁
654,想知道一般软黄囊会在怀孕多少天出现？,想/v 软/a 黄囊/nr 会/v 怀孕/v 天/q,想 软 黄囊会 怀孕 天,黄囊会 怀孕,怀孕 黄囊会,黄囊 怀孕,654,黄囊会 怀孕 软 天 想
655,怀孕五个月胎动多正常吗？,怀孕/v 五个月/x 胎动/n,怀孕 五个月 胎动,五个月 胎动 怀孕,怀孕 胎动 五个月,胎动 怀孕 五个月,655,五个月 胎动 怀孕
656,可以吃火龙果吗？,吃/v 火龙果/n,吃 火龙果,火龙果,火龙果,,656,火龙果 吃
657,宝宝上眼皮里面长了一个小白点儿。,宝宝/nr 上眼皮/l 长/a 一个/m 小白/nr 点儿/n,宝宝 上眼皮 长 一个 小白 点儿,上眼皮 小白 点儿 宝宝 一个,宝宝 一个 点儿 上眼皮 小白,一个 上眼皮 点儿 小白,657,一个 长 小白 上眼皮 点儿 宝宝
658,宝宝多久拉大便？,宝宝/nr 多久/m 拉大/j 便/d,宝宝 多久 拉大 便,拉大 宝宝 多久,宝宝 多久 拉大,拉大 宝宝 多久,658,拉大 多久 便 宝宝
659,五个月宝宝辅食吃什么？,五个月/x 宝宝/nr 辅食/x 吃/v,五个月 宝宝 辅食 吃,五个月 辅食 宝宝,宝宝 五个月 辅食,辅食 宝宝 五个月,659,辅食 宝宝 吃 五个月
660,每天晚上都会哭。,每天晚上/i 哭/v,每天晚上 哭,每天晚上,每天晚上,,660,哭 每天晚上
661,宝宝五个月了，可以吃香蕉吗？,宝宝/nr 五个月/x 吃/v 香蕉/n,宝宝 五个月 吃 香蕉,五个月 香蕉 宝宝,宝宝 五个月 香蕉,五个月 宝宝 香蕉,661,吃 五个月 香蕉 宝宝
662,孕妇可以输液吗？,孕妇/n 输液/n,孕妇 输液,输液 孕妇,孕妇 输液,输液 孕妇,662,输液 孕妇
663,孕妇可以输液吗？,孕妇/n 输液/n,孕妇 输液,输液 孕妇,孕妇 输液,输液 孕妇,663,输液 孕妇
664,怎么换尿布呢？,换尿布/nz,换尿布,换尿布,换尿布,,664,换尿布
665,怎么换尿布呢？,换尿布/nz,换尿布,换尿布,换尿布,,665,换尿布
666,乳房硬块。,乳房/n 硬块/n,乳房 硬块,硬块 乳房,乳房 硬块,硬块 乳房,666,硬块 乳房
667,今天38+5天，然后上面流出来像鼻涕一样欢迎试分泌物。,38/m +/x 5/x 天/q 流/n 鼻涕/n 试/v 分泌物/n,38 + 5 天 流 鼻涕 试 分泌物,38 鼻涕 分泌物,38 鼻涕 分泌物,鼻涕 分泌物,667,流 天 鼻涕 5 试 + 分泌物 38
668,哎能不能吃感冒药？,哎/e 能/v 吃/v 感冒药/n,哎能 吃 感冒药,哎能 感冒药,感冒药 哎能,,668,吃 感冒药 哎能
669,分娩可以吃什么小零食？,分娩/v 吃/v 零食/n,分娩 吃 零食,零食 分娩,分娩 零食,零食 分娩,669,吃 零食 分娩
670,一只呕吐怎么办？,一只/m 呕吐/v,一只 呕吐,呕吐 一只,一只 呕吐,呕吐 一只,670,呕吐 一只
671,能不能吃感冒药？,吃/v 感冒药/n,吃 感冒药,感冒药,感冒药,,671,感冒药 吃
672,怀孕五个月有一点点出血，有没有问题？,怀孕/v 五个月/x 出血/v 有没有/v,怀孕 五个月 出血 有没有,五个月 出血 怀孕 有没有,怀孕 五个月 出血 有没有,出血 五个月 怀孕 有没有,672,出血 五个月 有没有 怀孕
673,一个多月的宝宝，每天睡眠时间。,一个多月/m 宝宝/nr 睡眠/v 时间/n,一个多月 宝宝 睡眠 时间,一个多月 睡眠 宝宝 时间,宝宝 时间 一个多月 睡眠,睡眠 宝宝 时间 一个多月,673,睡眠 宝宝 时间 一个多月
674,宝宝老是吃不饱，是什么原因引起的呢？,宝宝/nr 老/a 是/v 吃不饱/l 原因/n,宝宝 老是 吃不饱 原因,吃不饱 老是 宝宝 原因,宝宝 老是 原因 吃不饱,吃不饱 原因,674,吃不饱 老是 原因 宝宝
675,宝宝老是吃不饱，是什么原因引起的呢？,宝宝/nr 老/a 是/v 吃不饱/l 原因/n,宝宝 老是 吃不饱 原因,吃不饱 老是 宝宝 原因,宝宝 老是 原因 吃不饱,吃不饱 原因,675,吃不饱 老是 原因 宝宝
676,感觉宝宝老是吃去了，然后又吃不饱的样子，是什么原因呢？,感觉/n 宝宝/nr 老/a 是/v 吃/v 吃不饱/l 样子/n 原因/n,感觉 宝宝 老是 吃 吃不饱 样子 原因,吃不饱 老是 宝宝 样子 感觉 原因,宝宝 老是 感觉 原因 样子 吃不饱,样子 感觉 吃不饱 宝宝,676,吃 吃不饱 老是 样子 宝宝 原因 感觉
677,怀孕27周，感冒了用吃什么？,怀孕/v 27/m 周/nr 感冒/v 吃/v,怀孕 27 周 感冒 吃,27 感冒 怀孕,怀孕 感冒 27,27 怀孕 感冒,677,周 感冒 27 吃 怀孕
678,27周感冒了用吃什么吗？,27/m 周/nr 感冒/v 吃/v,27 周 感冒 吃,27 感冒,感冒 27,感冒 27,678,感冒 周 吃 27
679,27周感冒了用吃什么吗？,27/m 周/nr 感冒/v 吃/v,27 周 感冒 吃,27 感冒,感冒 27,感冒 27,679,感冒 周 吃 27
680,宝宝32天了，但是不拉屎的都没有，都七天没有拉屎了。,宝宝/nr 32/m 天/q 拉屎/v 七天/t 拉屎/v,宝宝 32 天 拉屎 七天 拉屎,拉屎 32 七天 宝宝,宝宝 七天 32 拉屎,拉屎 32 七天 宝宝,680,拉屎 七天 天 32 宝宝
681,待产包里都有哪些东西呢？,待产/n 包/v 里/f 东西/ns,待产 包里 东西,待产 东西,东西 待产 包里,,681,包里 东西 待产
682,怀孕了可以喝荷叶茶吗？,怀孕/v 喝/vg 荷叶茶/n,怀孕 喝 荷叶茶,荷叶茶 怀孕,怀孕 荷叶茶,荷叶茶 怀孕,682,喝 荷叶茶 怀孕
683,荷叶茶可以喝吗？,荷叶茶/n 喝/vg,荷叶茶 喝,荷叶茶,荷叶茶,,683,喝 荷叶茶
684,五个半月的宝宝可以吃益生菌吗？,五个/m 半月/t 宝宝/nr 吃/v 益生菌/nr,五个 半月 宝宝 吃 益生菌,益生菌 宝宝 半月 五个,宝宝 益生菌 半月 五个,宝宝 半月 五个 益生菌,684,宝宝 吃 半月 益生菌 五个
685,用学步车会变o型腿吗？,学步车/n 会/v 变/v o/x 型/k 腿/n,学步车 会变 o 型 腿,学步车 会变,会变 学步车,,685,o 型 会变 腿 学步车
686,怀孕27周了，缺铁性平血，我可以喝拉克菲乳酸亚铁口服液吗？,怀孕/v 27/m 周/nr 缺铁性/n 平血/n 喝/vg 拉克/nrt 菲/ns 乳酸/n 亚铁/n 口服液/n,怀孕 27 周 缺铁性 平血 喝 拉克 菲 乳酸 亚铁 口服液,27 平血 亚铁 口服液 缺铁性 拉克 乳酸 怀孕,怀孕 27 亚铁 口服液 乳酸 拉克 平血 缺铁性,乳酸 27 缺铁性 平血,686,喝 拉克 平血 菲 缺铁性 乳酸 周 亚铁 27 口服液 怀孕
687,新生儿一天睡多长时间？,新生儿/n 睡/v 多长时间/n,新生儿 睡 多长时间,多长时间 新生儿,多长时间 新生儿,新生儿 多长时间,687,睡 多长时间 新生儿
688,宝宝腹泻拉肚子。,宝宝/nr 腹泻/v 拉肚子/n,宝宝 腹泻 拉肚子,拉肚子 腹泻 宝宝,宝宝 拉肚子 腹泻,腹泻 拉肚子 宝宝,688,腹泻 拉肚子 宝宝
689,唐氏筛查。,唐氏筛查/x,唐氏筛查,唐氏筛查,唐氏筛查,,689,唐氏筛查
690,唐山用不用空腹去？,唐山/nr 用/p 不用/v 空腹/n,唐山用 不用 空腹,唐山用 空腹 不用,不用 空腹 唐山用,不用 唐山 空腹,690,不用 空腹 唐山用
691,嗯可不可以吃甜酸角啊。,可不可以/c 吃/v 甜/a 酸角/x,可不可以 吃 甜 酸角,酸角 可不可以,可不可以 酸角,,691,甜 吃 酸角 可不可以
692,新生儿一天睡多长时间？,新生儿/n 睡/v 多长时间/n,新生儿 睡 多长时间,多长时间 新生儿,多长时间 新生儿,新生儿 多长时间,692,睡 多长时间 新生儿
693,宝宝腹泻拉肚子。,宝宝/nr 腹泻/v 拉肚子/n,宝宝 腹泻 拉肚子,拉肚子 腹泻 宝宝,宝宝 拉肚子 腹泻,腹泻 拉肚子 宝宝,693,腹泻 拉肚子 宝宝
694,唐氏筛查。,唐氏筛查/x,唐氏筛查,唐氏筛查,唐氏筛查,,694,唐氏筛查
695,唐山用不用空腹去？,唐山/nr 用/p 不用/v 空腹/n,唐山用 不用 空腹,唐山用 空腹 不用,不用 空腹 唐山用,不用 唐山 空腹,695,不用 空腹 唐山用
696,唐筛。,唐筛/x,唐筛,唐筛,唐筛,,696,唐筛
697,嗯可不可以吃甜酸角啊。,可不可以/c 吃/v 甜/a 酸角/x,可不可以 吃 甜 酸角,酸角 可不可以,可不可以 酸角,,697,甜 吃 酸角 可不可以
698,出生半个月的小孩肚子是硬的还是软的？,出生/v 半个/m 月/m 小孩/n 肚子/n 硬/a 软/a,出生 半个 月 小孩 肚子 硬 软,小孩 肚子 出生 半个,小孩 肚子 半个 出生,小孩 半个 肚子 出生,698,小孩 肚子 月 硬 半个 软 出生
699,胎动。,胎动/n,胎动,胎动,胎动,,699,胎动
700,开塞露怎么用的？,开塞露/nz,开塞露,开塞露,开塞露,,700,开塞露
701,开塞露的使用方法。,开塞露/nz 方法/n,开塞露 方法,开塞露 方法,方法 开塞露,方法 开塞露,701,方法 开塞露
702,孕晚期能孕妈能吃甘蔗吗？,孕晚期/t 孕妈/x 吃/v 甘蔗/n,孕晚期 孕妈 吃 甘蔗,孕晚期 孕妈 甘蔗,孕妈 孕晚期 甘蔗,孕妈 孕晚期 甘蔗,702,吃 孕妈 甘蔗 孕晚期
703,五个月宝宝吃。,五个月/x 宝宝/nr 吃/v,五个月 宝宝 吃,五个月 宝宝,宝宝 五个月,宝宝 五个月,703,宝宝 吃 五个月
704,宝宝多大可以自己吃饭。,宝宝/nr 多/m 大/a 吃饭/v,宝宝 多大 吃饭,宝宝 多大 吃饭,宝宝 多大 吃饭,,704,多大 吃饭 宝宝
705,还有多长时间预产期？,多长时间/n 预产期/n,多长时间 预产期,预产期 多长时间,多长时间 预产期,预产期 多长时间,705,预产期 多长时间
706,四个多月了，就是四天到五天拉一次大便。,四个/m 多月/m 四天/m 五天/t 拉/v 便/d,四个 多月 四天 五天 拉 便,四天 五天 多月 四个,四个 四天 五天 多月,多月 四天 四个 五天,706,五天 四天 拉 多月 大便 四个
707,孕期能不能吃润婴美？,孕期/t 吃润/v 婴/ng 美/j,孕期 吃润 婴美,吃润 婴美 孕期,孕期 吃润 婴美,孕期 吃润,707,吃润 婴美 孕期
708,孕期能不能吃润婴美？,孕期/t 吃润/v 婴/ng 美/j,孕期 吃润 婴美,吃润 婴美 孕期,孕期 吃润 婴美,孕期 吃润,708,吃润 婴美 孕期
709,脑瘫儿。,脑瘫儿/x,脑瘫儿,脑瘫儿,脑瘫儿,,709,脑瘫儿
710,脑瘫儿是什么样的？,脑瘫儿/x,脑瘫儿,脑瘫儿,脑瘫儿,,710,脑瘫儿
711,脑瘫儿。,脑瘫儿/x,脑瘫儿,脑瘫儿,脑瘫儿,,711,脑瘫儿
712,脑瘫儿是什么样子的？,脑瘫儿/x 样子/n,脑瘫儿 样子,脑瘫儿 样子,样子 脑瘫儿,脑瘫儿 样子,712,样子 脑瘫儿
713,脑瘫儿是什么样的？,脑瘫儿/x,脑瘫儿,脑瘫儿,脑瘫儿,,713,脑瘫儿
714,大牌齐什么时候做？,大牌/n 齐/a,大牌 齐,大牌,大牌,,714,齐 大牌
715,病理性厌奶的宝宝有什么特征？,病理性/n 厌奶/x 宝宝/nr 特征/n,病理性 厌奶 宝宝 特征,厌奶 病理性 宝宝 特征,宝宝 厌奶 病理性 特征,宝宝 厌奶 病理性 特征,715,宝宝 厌奶 特征 病理性
716,什么时候做四维彩超？,四维彩超/x,四维彩超,四维彩超,四维彩超,,716,四维彩超
717,刚出生的婴儿怎样辨别是不是脑瘫儿？,刚出生/i 婴儿/n 辨别/v 脑瘫儿/x,刚出生 婴儿 辨别 脑瘫儿,脑瘫儿 刚出生 辨别 婴儿,婴儿 脑瘫儿 刚出生 辨别,辨别 婴儿 脑瘫儿 刚出生,717,辨别 婴儿 脑瘫儿 刚出生
718,唐筛什么时候做？,唐筛/x,唐筛,唐筛,唐筛,,718,唐筛
719,小孩子感冒流清鼻涕流到哪里去了？,小孩子/n 感冒/v 流清/v 鼻涕/n 流/n,小孩子 感冒 流清 鼻涕 流,流清 鼻涕 小孩子 感冒,感冒 鼻涕 流清 小孩子,流清 感冒 鼻涕 小孩子,719,流清 鼻涕 感冒 流 小孩子
720,宝宝流眼泪。,宝宝/nr 流眼泪/n,宝宝 流眼泪,流眼泪 宝宝,宝宝 流眼泪,流眼泪 宝宝,720,流眼泪 宝宝
721,前几天去检查说做B超说有流产的迹象，但是下面也没有出血，现在已经在家休息两天了，那什么时候还去再去检查一下呢？,几天/m 检查/vn B超/n 流产/vn 迹象/n 出血/v 在家/r 休息/v 两天/m 检查一下/n,几天 检查 B超 流产 迹象 出血 在家 休息 两天 检查一下,B超 检查一下 流产 出血 在家 两天 迹象 休息 检查 几天,几天 检查 出血 两天 检查一下 在家 迹象 流产 休息,流产 B超 休息 出血,721,出血 迹象 在家 流产 休息 B超 两天 检查 检查一下 几天
722,脚后跟裂开干燥怎么处理？,脚后跟/n 裂开/v 干燥/a,脚后跟 裂开 干燥,脚后跟 裂开 干燥,脚后跟 裂开 干燥,裂开 脚后跟 干燥,722,裂开 干燥 脚后跟
723,凤凰苗能喝吗？,凤凰/nr 苗能/nr 喝/vg,凤凰 苗能 喝,苗能 凤凰,苗能 凤凰,苗能 凤凰,723,苗能 喝 凤凰
724,是到六个月厌奶期，是因为什么？,六个月/m 厌奶期/x 是因为/c,六个月 厌奶期 是因为,厌奶期 六个月 是因为,六个月 是因为 厌奶期,是因为 厌奶期 六个月,724,厌奶期 是因为 六个月
725,四个月宝宝厌奶期大概有多久？,四个月/x 宝宝/nr 厌奶期/x 大概/d 多久/m,四个月 宝宝 厌奶期 大概 多久,四个月 厌奶期 宝宝 多久 大概,宝宝 四个月 多久 厌奶期 大概,厌奶期 宝宝 大概 四个月,725,厌奶期 大概 宝宝 多久 四个月
726,三个月宝宝的发育状况。,三个月/x 宝宝/nr 发育/vn 状况/n,三个月 宝宝 发育 状况,三个月 宝宝 发育 状况,宝宝 发育 三个月 状况,宝宝 发育 状况 三个月,726,发育 宝宝 状况 三个月
727,宝宝双顶径8.5，然后肋骨长6.3，现在34周正常吗？,宝宝/nr 双顶径/x 8.5/m 肋骨/n 长/a 6.3/m 34/m 周/nr,宝宝 双顶径 8.5 肋骨 长 6.3 34 周,双顶径 8.5 6.3 34 肋骨 宝宝,宝宝 34 双顶径 肋骨,肋骨 双顶径 8.5 6.3,727,长 肋骨 6.3 8.5 34 双顶径 周 宝宝
728,宝宝前囟门已经闭合。,宝宝/nr 囟门/n 闭合/v,宝宝 囟门 闭合,囟门 闭合 宝宝,宝宝 闭合 囟门,闭合 宝宝 囟门,728,囟门 闭合 宝宝
729,孕期性生活。,孕期/t 性生活/n,孕期 性生活,孕期 性生活,孕期 性生活,性生活 孕期,729,性生活 孕期
730,哺乳期可以吃林蛙吗？,哺乳期/n 吃/v 林蛙/n,哺乳期 吃 林蛙,林蛙 哺乳期,哺乳期 林蛙,林蛙 哺乳期,730,吃 林蛙 哺乳期
731,宝宝可以吃林蛙吗？哺乳期可以吃林蛙吗？,宝宝/nr 吃/v 林蛙/n 哺乳期/n 吃/v 林蛙/n,宝宝 吃 林蛙 哺乳期 吃 林蛙,林蛙 哺乳期 宝宝,宝宝 哺乳期 林蛙,林蛙 哺乳期 宝宝,731,吃 林蛙 哺乳期 宝宝
732,孕妇可以用菌菇水吗？,孕妇/n 用/p 菌菇/n 水/n,孕妇 用菌菇 水,用菌菇 孕妇,孕妇 用菌菇,菌菇 孕妇,732,用菌菇 水 孕妇
733,孕妇可以用菌菇水吗？,孕妇/n 用/p 菌菇/n 水/n,孕妇 用菌菇 水,用菌菇 孕妇,孕妇 用菌菇,菌菇 孕妇,733,用菌菇 水 孕妇
734,如何让宝宝快速发动？,宝宝/nr 快速/d 发动/vn,宝宝 快速 发动,宝宝 发动 快速,宝宝 发动 快速,快速 宝宝 发动,734,快速 发动 宝宝
735,哺乳期能吃山楂吗？,哺乳期/n 吃/v 山楂/n,哺乳期 吃 山楂,哺乳期 山楂,哺乳期 山楂,山楂 哺乳期,735,吃 山楂 哺乳期
736,如何让宝宝快速发动？,宝宝/nr 快速/d 发动/vn,宝宝 快速 发动,宝宝 发动 快速,宝宝 发动 快速,快速 宝宝 发动,736,快速 发动 宝宝
737,如何让宝宝快速发动？,宝宝/nr 快速/d 发动/vn,宝宝 快速 发动,宝宝 发动 快速,宝宝 发动 快速,快速 宝宝 发动,737,快速 发动 宝宝
738,如何让宝宝快速发动？,宝宝/nr 快速/d 发动/vn,宝宝 快速 发动,宝宝 发动 快速,宝宝 发动 快速,快速 宝宝 发动,738,快速 发动 宝宝
739,如何让宝宝快速发动？,宝宝/nr 快速/d 发动/vn,宝宝 快速 发动,宝宝 发动 快速,宝宝 发动 快速,快速 宝宝 发动,739,快速 发动 宝宝
740,宝宝吐奶。,宝宝/nr 吐奶/n,宝宝 吐奶,吐奶 宝宝,宝宝 吐奶,宝宝 吐奶,740,吐奶 宝宝
741,怀孕能不能吃些油腻啊？,怀孕/v 吃/v 些/q 油腻/n,怀孕 吃些 油腻,吃些 油腻 怀孕,怀孕 油腻 吃些,,741,吃些 油腻 怀孕
742,生理期该怎么避免？,生理期/n,生理期,生理期,生理期,,742,生理期
743,宝宝吐奶。,宝宝/nr 吐奶/n,宝宝 吐奶,吐奶 宝宝,宝宝 吐奶,宝宝 吐奶,743,吐奶 宝宝
744,怀孕能不能吃些油腻啊？,怀孕/v 吃/v 些/q 油腻/n,怀孕 吃些 油腻,吃些 油腻 怀孕,怀孕 油腻 吃些,,744,吃些 油腻 怀孕
745,生理期应该怎么避免？,生理期/n,生理期,生理期,生理期,,745,生理期
746,生理期应该怎么避免？,生理期/n,生理期,生理期,生理期,,746,生理期
747,生理期该怎么避免？,生理期/n,生理期,生理期,生理期,,747,生理期
748,宝宝拉屎带着小气泡是因为什么？,宝宝/nr 拉屎/v 带/v 小气泡/n 是因为/c,宝宝 拉屎 带 小气泡 是因为,小气泡 拉屎 宝宝 是因为,宝宝 拉屎 是因为 小气泡,拉屎 小气泡 是因为 宝宝,748,带 小气泡 拉屎 是因为 宝宝
749,宝宝拉屎为什么有小气泡？,宝宝/nr 拉屎/v 小气泡/n,宝宝 拉屎 小气泡,小气泡 拉屎 宝宝,宝宝 拉屎 小气泡,拉屎 小气泡 宝宝,749,拉屎 小气泡 宝宝
750,宝宝的事带着带着小气泡是因为什么？,宝宝/nr 事带/n 带/v 小气泡/n 是因为/c,宝宝 事带 带 小气泡 是因为,小气泡 事带 宝宝 是因为,宝宝 是因为 小气泡 事带,小气泡 事带 是因为 宝宝,750,带 小气泡 事带 是因为 宝宝
751,宝宝的屎里面带着小气泡是因为什么？,宝宝/nr 屎/n 带/v 小气泡/n 是因为/c,宝宝 屎 带 小气泡 是因为,小气泡 宝宝 是因为,宝宝 是因为 小气泡,是因为 小气泡,751,带 小气泡 屎 是因为 宝宝
752,孕酮低。,孕酮低/x,孕酮低,孕酮低,孕酮低,,752,孕酮低
753,黄体酮正常指标。,黄体酮/n 指标/n,黄体酮 指标,黄体酮 指标,指标 黄体酮,黄体酮 指标,753,指标 黄体酮
754,黄体酮。,黄体酮/n,黄体酮,黄体酮,黄体酮,,754,黄体酮
755,宝宝脸上有红血丝是怎么回事？,宝宝/nr 脸上/s 红血丝/n 怎么回事/l,宝宝 脸上 红血丝 怎么回事,红血丝 宝宝 怎么回事 脸上,宝宝 怎么回事 脸上 红血丝,脸上 红血丝 宝宝 怎么回事,755,红血丝 脸上 怎么回事 宝宝
