,text_rank_keywords
0,加 六个月 辅食 宝宝
1,胎动 点 有时候 九九 平凡 二三十
2,疼 耻骨
3,发烧 退烧 宝宝
4,吃 红薯 孕妇
5,吃 红薯 宝宝
6,发育 指标 宝宝
7,B超 男孩 问 女孩 想
8,体温 升高 怀孕
9,测 几天 怀孕 排卵
10,吃 稀饭 孕妇
11,野鸡 吃 包 孕妇
12,男孩 问 女孩 想
13,测 几天 怀孕 排卵
14,吃 流沙包 孕妇
15,吃客 淘宝 孕妇
16,体温 升高 怀孕
17,测 几天 怀孕 排卵
18,测 几天 怀孕 排卵
19,吃 稀饭 孕妇
20,野鸡 吃 包 孕妇
21,猪肉 吃 包 孕妇
22,吃 流沙包 孕妇
23,吃 流沙包 孕妇
24,吃客 淘宝 孕妇
25,即刻 淘宝 孕妇
26,喜欢 咬 牙痒痒 东西 宝宝
27,吃 月子餐
28,长牙 宝宝
29,绿 快要 臭臭 成型 宝宝
30,红牛 有助于 喝 顺产 生产
31,牙 长牙 痒 宝宝
32,干呕 宝宝
33,杂锅 吃 菜 妈妈
34,打嗝 宝宝
35,吃 期间 石子 怀孕
36,柿子 吃 期间 怀孕
37,B超 看不清 周 手脚 38 畸形 孕
38,B超 周 看不清 38 手脚 孕
39,B超 八周 看不清 30 手脚 孕
40,手机 胎儿 玩 影响 怀孕
41,吃 期间 石子 怀孕
42,柿子 吃 期间 怀孕
43,B超 看不清 周 手脚 38 畸形 孕
44,B超 看不清 周看 手 38 怎么回事 孕
45,B超 周 看不清 38 手脚 孕
46,B超 八周 看不清 30 手脚 孕
47,B超 看不清 周 手脚 38 怎么回事 孕
48,做爱 怀孕
49,长 发烧 湿疹 宝宝
50,长 发烧 湿疹 宝宝
51,奶大 吃
52,奶 吃
53,肚子疼 回事儿 孕期
54,奶多 吃
55,奶会 回 吃
56,回来 吃
57,吃 鱼肝油 宝贝
58,吃 鱼肝油 宝宝
59,吃 益生菌 宝宝
60,吃 维生素ad 宝宝
61,吃 一段时间 维生素ad 宝宝
62,哭 老是 不停 宝宝
63,发烧
64,糖尿病 妊娠 体重 七个月 增长 怀孕
65,体重 增长 糖尿病 样子 妊娠
66,体重 高 增长 血糖 样子 糖尿病 说好 妊娠
67,总共 体重 长 周 15 30 斤 怀孕
68,哭 老是 不停 宝宝
69,哭 老是 不停 宝宝
70,发烧
71,咳嗽 宝宝
72,脸部 宝宝 对称 一岁
73,打嗝 宝宝
74,频繁 胎动
75,补血 蔬菜
76,平台 胎动
77,频繁 胎动
78,肚子疼 运动会
79,东西 补血 蔬菜
80,胎动 感觉 频繁 有时候
81,补血
82,太重 感觉 频繁 有时候
83,坐骨神经 痛 压迫
84,数 胎动
85,补血 蔬菜
86,补血 东西
87,东西 补血 吃
88,频繁 胎动
89,平台 胎动
90,胎动 数
91,喝水 宝宝
92,喝水 宝宝
93,喝水 宝宝
94,宝宝 喝水 我家
95,感冒 七周 吃药 怀孕
96,腿短 宝宝
97,打喷嚏 老是 吃 七周 药 怀孕
98,胎儿 发育 周 指标 26
99,发育 指标 宝宝
100,感冒 七周 吃药 怀孕
101,腿短 宝宝
102,打喷嚏 老是 吃 七周 药 怀孕
103,见红 七周 怎么回事 孕
104,喝 初期 蜂蜜 怀孕
105,腿抽筋 折
106,儿 这是 奶瓣 回事儿 拉屎 没 宝宝
107,奶瓣 儿 拉屎 怎么回事 宝宝
108,十名 髋骨 缺钙 小孩
109,声响 缺钙 胯骨
110,饭后 血糖 小时 产后 7.1 问 高 想
111,发烧
112,儿 这是 奶瓣 回事儿 拉屎 没 宝宝
113,奶瓣 儿 拉屎 怎么回事 宝宝
114,十名 髋骨 缺钙 小孩
115,声响 缺钙 胯骨
116,声响 髋骨 缺钙 小孩
117,髋骨 响声 小孩 缺钙 两个月
118,髋骨 响声 小孩 缺钙 两个月
119,脚 宝宝 肿 抽血
120,脚 肿 宝宝
121,抽血 脚 从脚 肿 宝宝
122,发白 舌苔 怎么回事 小孩
123,宝宝 三个月
124,宝宝 三个月
125,不爱 睡觉 宝宝
126,睡觉 晚上 晚 宝宝
127,钙 吃 好 宝宝
128,天 60 补钙 宝宝
129,肚子疼 孕中期
130,肚子疼 孕妈
131,肚子疼 怎么回事 孕妈
132,母乳 吃 老是 满月 吃不饱 孩子
133,老是 母乳 吃不饱 吃 怎么回事 宝宝
134,母乳 老是 吃 吃不饱 老 怎么回事 孩子
135,吃 火龙果 孕妇
136,才能 几个月 变 怀孕
137,男孩 我怀 女孩 想
138,马上 出院 出生证明 办理
139,办 出院 出生证明 马上 办理
140,月经
141,男孩 我怀 女孩 想
142,马上 出院 出生证明 办理
143,办 出院 出生证明 马上 办理
144,想 心 问 好奇 出于 男孩 女孩
145,月经
146,隔 几分钟 老是 吃 吃奶 睡着 天 放下 12 醒 宝宝
147,宝宝 月 发烧 8
148,感冒 孕妇
149,发育 指标 宝宝
150,防疫针 三个月 一点 快 没 宝宝
151,胃出血
152,绿便便 原因 拉
153,肚子 三个月
154,川贝 吃
155,哭 饿 好
156,哭 宝宝
157,药 吃 不好 宝宝 医院 五个月
158,药 吃 咳嗽 宝宝 不好 五个月
159,咳嗽 鼻塞 宝宝
160,哭 宝宝
161,药 吃 不好 宝宝 医院 五个月
162,药 吃 咳嗽 宝宝 不好 五个月
163,肚子痛 早进
164,咳嗽 鼻塞 宝宝
165,咳嗽 诱发 宝宝
166,四维彩超 大排畸
167,吃 橙子 孕妇
168,改善 爱 宝宝 妈咪 大便 吃
169,宝宝 咳嗽 越来越
170,改善 爱 宝宝 妈咪 大便 吃
171,吃 巧克力 怀孕
172,爱 妈咪 改善 吃
173,吃 猕猴桃 孕妇
174,大便 拉稀 宝宝 怎么回事 两个月
175,侧 躺 孕妇
176,吃 益生菌 宝宝 冻干粉 两个月
177,侧 躺 睡觉
178,躺 侧
179,吃 益生菌 宝宝 冻干粉 两个月
180,发育 指标 宝宝
181,吃 宝宝 益生菌 两个月
182,猪肝 吃 瘦肉粥 坐月子
183,性生活 孕期
184,猪肝 吃 瘦肉粥 哺乳期
185,性生活 孕期
186,流鼻涕 咳嗽 喉咙 感冒 哑 宝宝
187,咳嗽 声音 感冒 变哑 宝宝
188,感冒
189,流鼻涕 咳嗽 喉咙 感冒 哑 宝宝
190,一年 母乳喂养 断奶 还会 宝宝
191,咳嗽 声音 感冒 变哑 宝宝
192,感冒 宝宝
193,感冒 宝宝
194,感冒
195,感冒 小孩
196,一条 红颜色 测 浅 试纸 颜色 期间 代表 备孕
197,一个 红颜色 浅 颜色 指有 代表
198,发育 快 宝宝
199,月 号 宝宝 30 20 11 10 拉肚子 医院 2018 药 拉 拉到 看过 吃 回来 便是 暗褐色
200,斗鸡眼 教 宝宝 纠正 感觉
201,斗鸡眼 宝宝 纠正 感觉
202,出血 牙龈
203,出血 牙龈 回事儿 妈妈
204,宝宝 顺产 第三个 两个 包 剖腹产
205,搬家 怀孕
206,搬家 怀孕
207,喝 奶粉 宝宝
208,清清 吃 宝 宝宝
209,清清 吃 宝 老婆
210,清清 吃 乳 宝宝
211,发育 指标 宝宝
212,绿色 拉 便便 宝宝
213,哭 幼儿园
214,吃 母乳 宝宝
215,米 吃 乳 宝宝
216,绿色 拉 便便 宝宝
217,便 黑色 便是 拉 怎么回事 宝宝
218,哭 幼儿园
219,吃 母乳 宝宝
220,哭 幼儿园
221,米 吃 乳 宝宝
222,吃 母乳 宝宝
223,巧克力 吃
224,几次 吃 米粉 宝宝
225,肠绞痛 宝宝
226,高 300 胆总坐 怎么回事 婴儿
227,发育 指标 宝宝
228,发育 指标 宝宝
229,高达 总数 300 婴儿
230,300 高 怎么回事 总会
231,高 黄疸
232,可不可以 吃盐 月子餐
233,胎动 数
234,黄疸 治 宝宝
235,战是 打掉 原因 宝宝
236,喝 夜奶 孕妇
237,喝 夜茶 孕妇
238,吃 多久 叶酸
239,消化不良 症状 宝宝
240,黄疸 治 宝宝
241,宝宝 打赞 八个月
242,战是 打掉 原因 宝宝
243,喝 鲜奶 孕妇
244,喝 夜奶 孕妇
245,喝艳艳子 茶 日复
246,喝 夜茶 孕妇
247,吃 多久 叶酸
248,发痒 怎么回事 肚皮
249,肚子 痒 三个月 怎么回事 怀孕
250,吃 猪 怀孕
251,喝 柠檬茶 怀孕
252,喝 雪碧 赋能
253,做梦 孕妇
254,吃 大蒜 我能
255,吃糖 孕妇
256,四肢 发痒 产后
257,多久 例假 产后
258,恶露
259,发育 指标 宝宝
260,发育 指标 宝宝
261,黄色 颜色 红色 恶露
262,恶露
263,血 恶露
264,发育 指标 宝宝
265,发育 指标 宝宝
266,排放 算 完整 恶露
267,恶露 产后
268,直板 夹 孕妇
269,发育 指标 宝宝
270,直板 夹 孕妇
271,直板 夹 孕妇
272,一个月 硬邦邦的 地方 有没有 打预防针 关系 宝宝
273,发育 指标 宝宝
274,吃 妈妈 牛血 哺乳
275,吃 牛 妈妈 留血 哺乳
276,吃 妈妈 流血 哺乳
277,益生菌 三天 童 拉肚子 宝宝
278,孕妇 好处 走路
279,孕妇 好处 运动
280,拉肚子 宝宝
281,宝宝 发烧 两周岁
282,吃盐 月子餐
283,母乳 妈妈 常 吃 流血
284,牙齿 长 手摸 宝宝
285,宝宝 发烧 两周岁
286,牙齿 用手 长 摸摸 宝宝
287,炎症 产褥期
288,吃 发烧 瑞芝清 宝宝 多长时间 九个月 退烧 两周岁
289,吃盐 月子餐
290,母乳 妈妈 常 吃 流血
291,可不可以 只眼 月子餐
292,可不可以 仓 吃盐 电子
293,吃 炎症 药 坐月子
294,三十八 度 8 39 9 发烧 宝宝 此谓 九个月 之清 两周岁
295,吃 牛肉 妈妈 写 母乳
296,血能 吃 流入
297,牙痛 添 缓释 哺乳期 白云山
298,牙疼 天能 缓释 哺乳期 白云山
299,B超 几周 显示 怀孕
300,缺钙 吃 宝宝
301,吃 板栗
302,荨麻疹 怀孕
303,荨麻疹 润生
304,吃 鸡胗 孕妇
305,奶粉 上火 美赞臣
306,维生素 多种 矿物质 吃 孕妇 周加 早期 13 型 怀孕
307,倍 健 汤臣 多种 鱼油 型 维生素 牛磺酸 早期 矿物质 孕妇 软胶囊 dha 吃
308,粑粑 幽默 拉 回事儿 宝宝
309,发烧 宝宝
310,粑粑 幽默 拉 回事儿 宝宝
311,粑粑 幽默 拉 回事儿 宝宝
312,发烧 宝宝
313,粑粑 幽默 拉 回事儿 宝宝
314,月 流清 11 鼻涕 宝宝
315,疱疹 长
316,小宝宝 流鼻涕 两个月
317,粑粑 拉 有莫是 宝宝 回事儿 三个月
318,疱疹 长
319,爱 宝宝 磨牙 月 怎么回事 11
320,鼻子 流鼻涕 小宝宝
321,流鼻涕 小宝宝 鼻子
322,鼻子 流鼻涕 小宝宝
323,通气 鼻子 洗澡 宝宝
324,喝安满 糖尿病 奶粉 妊娠期
325,喝 奶粉 宝宝 4个月 1
326,消化不良 症状 宝宝
327,腹泻 宝宝
328,冢 脚肿 手
329,八个 小时 乳房 宝宝 母乳
330,喂奶 小时 乳房 八个 奶 上班 吃 白天
331,不吃 西洋参 吃 冠联 早就
332,发烧 宝宝
333,晚上 8个月 吃 1 奶粉 宝宝
334,晚上 8个月 吃 1 奶粉 宝宝
335,可不可以 吃豫竹 期间 干吃面 怀孕
336,消化不良 症状 宝宝
337,吃 菠萝 孕妇
338,受凉 宝宝
339,消化不良 宝宝
340,火龙果 吃
341,火龙果 好处 吃
342,吃 消化不良 益生菌 宝宝
343,肚脐 结巴 新生儿
344,吃 橘子 孕妈
345,拉 绿屎 宝宝
346,感冒 宝宝
347,意味着 要生 见红
348,感觉 收工
349,小便 便 隐血 小小 三个 时有 家 化验 些 请问
350,感觉 收工
351,感觉 胎动
352,爱有 妈咪 区别 益生菌
353,三个 小便 加 化验
354,咳嗽 宝宝
355,鼻贴 通气
356,肚子 三个月 不大 老婆
357,肚子 不大 三个月
358,置 胎盘低
359,样子 宫缩
360,喝 姜茶 孕妇
361,高 黄酮
362,置 胎盘低
363,喝 奶茶 孕妇
364,样子 宫缩
365,喝 姜茶 孕妇
366,高 黄酮
367,一跳 跳 肚子 怎么回事 八个月
368,吃 好 胎毒
369,吃 好 开毒
370,多少度 发烧 医生 宝宝
371,折 吃 耳根 哺乳期
372,折儿 吃 炒 乳期
373,喝 婴儿 奶好 一个月
374,产后 虚弱 宝妈
375,产后 虚弱 宝妈
376,虚弱 产后
377,乳房 胀痛 期间 原因 怀孕
378,怎么回事 宫缩
379,怎么回事
380,宫缩
381,乳房 胀痛 期间 原因 怀孕
382,乳房 胀痛 期间 怎么回事 怀孕
383,硬块 房有
384,吃 藕 产妇
385,小时 20 四个 睡觉 24 吃奶 八天 刚出生 宝宝 时间 问 醒 想
386,豆腐 吃 牛奶
387,真常 流口水 小孩
388,母乳 营养 月经
389,婴儿 吃 六个月
390,鞋 一双 就认 穿 宝宝
391,不吃 米糊 宝宝
392,流口水 小孩子
393,真常 流口水 小孩
394,母乳 营养 月经
395,婴儿 吃 六个月
396,两岁 快 说话 孩子
397,鞋 一双 就认 穿 宝宝
398,喜欢 爬 宝宝
399,不吃 米糊 宝宝
400,湿疹
401,湿疹 宝宝
402,症 唐氏
403,消化不良 症状 宝宝
404,饿 不渴 真的 刚出生 哭 小孩
405,消化不良 症状 宝宝
406,饿 不渴 真的 刚出生 哭 小孩
407,老 哭 饿 情况 不渴 肠绞痛 孩子
408,喝牛奶 怎么回事 宝宝
409,吃 四个月 亚麻酸 孕妇
410,吃 亚麻酸 四个月
411,吃 阉鸡 产妇
412,睡 几次 宝宝 觉是 八个月
413,发烧
414,鼻子 通气 宝宝
415,bb 鼻子 霜 宝宝
416,小时 三四个 吃药 隔
417,吃 才能 完药 多长时间 时隔 药 宝宝
418,吃 才能 完药 多长时间 哥 药 宝宝
419,怎么回事 东西 褐色 流 底下 期间 怀孕
420,吃 三个月 香菜 怀孕
421,鸡蛋 吃 喝牛奶 打包
422,吃 七个月 鸡蛋 宝宝
423,吃 香菜
424,吃 三个月 香菜 怀孕
425,鸡蛋 吃 喝牛奶 打包
426,吃 七个月 鸡蛋 宝宝
427,下奶 铝
428,吃 香菜
429,发育 指标 宝宝
430,他吐奶
431,刀疤 剖腹产
432,拉肚子 吃 宝宝 药 五个月
433,吃 爱 妈咪 拉肚子 思密达 宝宝 好 五个月
434,消化不良 症状 宝宝
435,吐奶 宝宝
436,吃 无花果 可不可以
437,洗衣服 洗衣粉 新生儿
438,冰淇淋 喽 吃
439,抽 九个月 几次 儿子
440,吃 鲫鱼汤 黄疸 胡萝卜 天 汤 25 东西 宝宝
441,黄疸 地狱 天 胡萝卜 25 汤 宝宝
442,吃 甘蔗 怀孕
443,抽 九个月 几次 儿子
444,湿疹 妈妈 长 饮食 脸上 系 宝宝
445,吃 鲫鱼汤 黄疸 胡萝卜 天 汤 25 东西 宝宝
446,发育 指标 宝宝
447,黄疸 地狱 天 胡萝卜 25 汤 宝宝
448,厌奶 宝宝 多长时间 三个月
449,便便 腹泻 分辨 宝宝
450,吃 西瓜 宝宝
451,分离 肾 尿道 左 扩张 宝宝
452,宝宝 厌奶 三个月
453,维一 c 影响 能吃维 宝宝 哺乳期
454,拉 腹泻 水 宝宝 奶抱 五个月
455,检查 空腹 唐筛
456,每月 两个月 涨 宝宝
457,便便 腹泻 分辨 宝宝
458,四个月 补钙 新生儿
459,发烧
460,每月 两个月 涨 宝宝
461,吃 感冒 感冒药 坐月子
462,孩子 补钙 四个月
463,痰 孕期
464,问 想 多长时间 厌奶 奶 宝宝 过程 三个月
465,枕头 宝宝
466,发烧
467,宝宝 拉肚子 五个月
468,需用 枕头 新生儿
469,厌奶 三个月 症 宝宝
470,化痰 止咳
471,流感
472,症状 流感
473,流感 症状
474,鼻子 感冒 舒服 孕中期
475,版帽 流感 区分
476,流感 感冒 区分
477,中期 感冒 怀孕
478,吃 补铁 宝宝
479,太阳 脸 晒伤 孩子
480,脸 晒伤 娃娃
481,胎心 活动 听到
482,晒伤 脸部
483,太阳 脸 晒伤 孩子
484,脸 晒伤 娃娃
485,痛 原因 腰
486,胎心 活动 听到
487,听到 脉搏 B超
488,大小 听到 孕囊 胎心 B超
489,运能 太心 定
490,瘦身 推荐 吃 产品 减肥 哺乳期
491,宝宝 六个月 吃 母乳 米粉 纯
492,宝宝 六个月 吃 母乳 饼干 纯
493,吃 宝宝 饼干 六个月
494,饼干 母乳 儿 纯
495,豆腐 吃 宝玉
496,老是 打嗝 宝宝
497,吃 五个月
498,吃水果 六个月
499,吃 保胎药 怀孕
500,吃 可不可以 饼干 六个月
501,补时 六个月
502,婴儿 吃 半 辣 一岁
503,消化不良 腹泻 吃
504,吐 拉肚子 够 小孩
505,六个月 快 大喊大叫 宝宝
506,宝宝 使 流鼻涕 用药 好转 方法
507,消化不良 腹泻 吃
508,吐 拉肚子 够 小孩
509,六个月 快 大喊大叫 宝宝
510,宝宝 使 流鼻涕 用药 好转 方法
511,宝宝 流鼻涕 不用 好转 方法
512,筛查 高危
513,问 高危 错 筛查 理解
514,流鼻涕 不好 宝宝
515,流鼻涕 不好 宝宝
516,筛查 高危
517,筛查 指 高危
518,胎儿 双顶颈 周 84 30 毫米 怀孕
519,吃水果 吃 宝宝 水果 五个月
520,吃 宝宝 辅食 五个月
521,吃 宝宝 虾 十个月
522,吃 五个月 辅食 宝宝
523,虾 吃 十个月 宝宝
524,方颅
525,方颅 宝宝
526,咳嗽 鼻涕 新生儿
527,洋葱 不吃 蔬菜 吃
528,宝宝 生病 八个月
529,吃 辅食 不爱
530,鼻涕 咳嗽 宝宝 怎么弄 一个月
531,不爱 吃 宝宝 辅食 十个月
532,吃 多久 辅食 宝宝
533,踏实 睡觉 情况 宝宝
534,睡觉 踏实 宝宝
535,可不可以 手机 玩 初期 没事 怀孕
536,咸菜 吃
537,发烧 预防针 退烧药 打完
538,按摩 拿水少
539,打嗝 宝宝
540,打嗝 宝宝
541,孕早期 医生 检查 怀
542,偏 左侧 孕早期
543,B超 偏 检查 左侧 初期 怎么回事 怀孕
544,可不可以 手机 玩 初期 没事 怀孕
545,玩 手机 孕期
546,咸菜 吃
547,发烧 预防针 退烧药 打完
548,才能 按摩 少 奶水
549,按摩 拿水少
550,奶水 少 剖腹产
551,奶水
552,大便 总共 几次 宝宝
553,老饿 宝宝
554,大便 总共 几次 宝宝
555,老饿 爸爸
556,绞痛 吃 胃 益生菌 宝宝
557,老是 肚子饿 宝宝
558,老 饿 宝宝
559,老 饿 宝宝
560,饿 宝宝
561,饿 宝宝会
562,感冒药 吃
563,饿 宝宝会
564,回来 天 老是 40 睡觉 呆 不怎么 保温箱 吃 早产儿 东西 周 怎么回事 30
565,发育 指标 宝宝
566,发育 宝宝
567,胎动 感觉
568,能为 感冒 小孩 产妇
569,胎动 感觉
570,乳腺炎 好 急性
571,两天 孕期 头
572,喉咙 痰 宝宝
573,腿短 宝宝
574,擦 脸 宝宝 护肤品 四个月
575,贫血 吃 好 孕晚期
576,分娩
577,腿短 宝宝
578,擦 脸 宝宝 护肤品 四个月
579,刀口 七天 伤疤 剖腹产
580,贫血 吃 好 孕晚期
581,听写 吃 晚期 好 明
582,吃 贫血 好 孕期
583,连着 耳朵 脸 宝宝
584,耳朵 连着 宝宝
585,硬是 肚子 怎么回事 小孩
586,红色 眼睛 泪水 宝宝
587,黄色 眼睛 流 水是 宝宝
588,眼睛 水是 黄色 东西 宝宝
589,红色 眼睛 泪水 宝宝
590,眼睛 黄色 里流 水是 宝宝
591,眼镜 黄色 水是 流 东西 宝宝
592,黄色 眼睛 流 水是 宝宝
593,眼睛 水是 黄色 东西 宝宝
594,流 眼睛 黄色 宝宝
595,喝点 咳嗽 萝卜汤 感冒
596,最长 超过 化验 多长 大便
597,破 感觉 羊水
598,感冒 孕妇
599,银耳 粥 莲子 喝 百合
600,点 吃 氟 宝宝
601,完 吃 睡觉 宝宝
602,里头 屁股 肚子 脚 妈妈 学位 宝宝
603,唐筛
604,完 吃 睡觉 宝宝
605,睡觉 孩子
606,里头 屁股 肚子 脚 妈妈 学位 宝宝
607,唐筛
608,胎动 数
609,胎动 数
610,大便 总共 几次 宝宝
611,牙痛 哺乳期
612,便秘 宝宝
613,彩超 思维
614,睡姿
615,睡觉
616,睡觉
617,高血压 怀孕
618,韩国 吃 烤肉 可不可以
619,不对 睡姿
620,吃 香菜 坐月子
621,睡姿 正确
622,宝宝 口腔炎 六个月
623,宝宝 口腔炎 六个月
624,样子 宫缩
625,口腔炎 宝宝 反复 六个月
626,睡 正确 睡姿
627,胎儿 导致 畸形 味精
628,西瓜 吃
629,味精 鸡精 影响 吃 宝宝 过后 畸形 怀孕
630,正确 睡姿
631,睡姿 怀孕
632,东西 医院
633,宝宝 生 东西 医院
634,小丸子 吃 章鱼
635,小丸子 吃 章鱼
636,药膏 红屁股 好 宝宝
637,指标 四维
638,辣椒 吃
639,上长 小红 屁股 疙瘩 宝宝
640,红屁屁 宝宝
641,上长 屁股 疙瘩 宝宝
642,红屁屁 宝宝
643,期间 坐姿 怀孕
644,小红 上长 疙瘩 屁股 原因 宝宝
645,上长 小红 屁股 疙瘩 宝宝
646,打胎
647,黄囊会 怀孕 软 天 想
648,五个月 胎动 怀孕
649,火龙果 吃
650,没 一岁 长牙 宝贝
651,断 断奶
652,吃 刀豆 怀孕
653,胎动 频繁
654,黄囊会 怀孕 软 天 想
655,五个月 胎动 怀孕
656,火龙果 吃
657,一个 长 小白 上眼皮 点儿 宝宝
658,拉大 多久 便 宝宝
659,辅食 宝宝 吃 五个月
660,哭 每天晚上
661,吃 五个月 香蕉 宝宝
662,输液 孕妇
663,输液 孕妇
664,换尿布
665,换尿布
666,硬块 乳房
667,流 天 鼻涕 5 试 + 分泌物 38
668,吃 感冒药 哎能
669,吃 零食 分娩
670,呕吐 一只
671,感冒药 吃
672,出血 五个月 有没有 怀孕
673,睡眠 宝宝 时间 一个多月
674,吃不饱 老是 原因 宝宝
675,吃不饱 老是 原因 宝宝
676,吃 吃不饱 老是 样子 宝宝 原因 感觉
677,周 感冒 27 吃 怀孕
678,感冒 周 吃 27
679,感冒 周 吃 27
680,拉屎 七天 天 32 宝宝
681,包里 东西 待产
682,喝 荷叶茶 怀孕
683,喝 荷叶茶
684,宝宝 吃 半月 益生菌 五个
685,o 型 会变 腿 学步车
686,喝 拉克 平血 菲 缺铁性 乳酸 周 亚铁 27 口服液 怀孕
687,睡 多长时间 新生儿
688,腹泻 拉肚子 宝宝
689,唐氏筛查
690,不用 空腹 唐山用
691,甜 吃 酸角 可不可以
692,睡 多长时间 新生儿
693,腹泻 拉肚子 宝宝
694,唐氏筛查
695,不用 空腹 唐山用
696,唐筛
697,甜 吃 酸角 可不可以
698,小孩 肚子 月 硬 半个 软 出生
699,胎动
700,开塞露
701,方法 开塞露
702,吃 孕妈 甘蔗 孕晚期
703,宝宝 吃 五个月
704,多大 吃饭 宝宝
705,预产期 多长时间
706,五天 四天 拉 多月 大便 四个
707,吃润 婴美 孕期
708,吃润 婴美 孕期
709,脑瘫儿
710,脑瘫儿
711,脑瘫儿
712,样子 脑瘫儿
713,脑瘫儿
714,齐 大牌
715,宝宝 厌奶 特征 病理性
716,四维彩超
717,辨别 婴儿 脑瘫儿 刚出生
718,唐筛
719,流清 鼻涕 感冒 流 小孩子
720,流眼泪 宝宝
721,出血 迹象 在家 流产 休息 B超 两天 检查 检查一下 几天
722,裂开 干燥 脚后跟
723,苗能 喝 凤凰
724,厌奶期 是因为 六个月
725,厌奶期 大概 宝宝 多久 四个月
726,发育 宝宝 状况 三个月
727,长 肋骨 6.3 8.5 34 双顶径 周 宝宝
728,囟门 闭合 宝宝
729,性生活 孕期
730,吃 林蛙 哺乳期
731,吃 林蛙 哺乳期 宝宝
732,用菌菇 水 孕妇
733,用菌菇 水 孕妇
734,快速 发动 宝宝
735,吃 山楂 哺乳期
736,快速 发动 宝宝
737,快速 发动 宝宝
738,快速 发动 宝宝
739,快速 发动 宝宝
740,吐奶 宝宝
741,吃些 油腻 怀孕
742,生理期
743,吐奶 宝宝
744,吃些 油腻 怀孕
745,生理期
746,生理期
747,生理期
748,带 小气泡 拉屎 是因为 宝宝
749,拉屎 小气泡 宝宝
750,带 小气泡 事带 是因为 宝宝
751,带 小气泡 屎 是因为 宝宝
752,孕酮低
753,指标 黄体酮
754,黄体酮
755,红血丝 脸上 怎么回事 宝宝
